vuln_id,system_id,attack_complexity,privileges_required,user_interaction,confidentiality_impact,integrity_impact,availability_impact,exploit_probability,risk_label
V0001,APP01,0,2,1,1,1,2,0.697,High
V0002,DB01,0,1,1,2,2,2,0.128,High
V0003,AUTH01,1,1,1,1,0,2,0.644,High
V0004,VPN01,1,1,0,1,0,0,0.064,Low
V0005,WEB01,1,2,0,1,0,2,0.355,Medium
V0006,APP01,1,1,1,2,2,2,0.467,Critical
V0007,AUTH01,0,0,1,0,2,2,0.745,High
V0008,VPN01,1,1,0,2,1,0,0.189,Medium
V0009,BACKUP01,0,0,1,1,0,0,0.67,Medium
V0010,AUTH01,0,0,1,1,2,0,0.832,High
V0011,EMP01,0,2,1,1,2,0,0.682,High
V0012,DB01,0,2,0,2,0,2,0.665,High
V0013,WEB01,0,2,0,2,1,1,0.569,High
V0014,VPN01,0,0,0,1,2,1,0.565,High
V0015,DB01,0,2,1,1,1,1,0.559,Medium
V0016,APP01,0,1,0,1,1,2,0.409,High
V0017,BACKUP01,1,2,0,0,2,0,0.281,Medium
V0018,DB01,0,1,1,0,1,1,0.664,Medium
V0019,WEB01,0,1,0,2,0,0,0.023,Low
V0020,APP01,0,2,1,2,1,2,0.501,High
V0021,APP01,1,0,0,2,1,1,0.381,High
V0022,WEB01,0,2,1,1,1,2,0.118,Medium
V0023,DB01,0,2,0,2,1,2,0.266,High
V0024,VPN01,1,0,1,0,2,2,0.272,Medium
V0025,DB01,0,0,0,2,0,1,0.202,Medium
V0026,DB01,0,2,1,1,0,1,0.759,Medium
V0027,WEB01,0,2,1,1,0,1,0.584,Medium
V0028,WEB01,1,1,0,2,1,2,0.494,High
V0029,DB01,0,0,1,0,2,0,0.588,Medium
V0030,AUTH01,0,0,1,2,1,1,0.591,High
V0031,WEB01,0,0,0,2,1,1,0.783,Critical
V0032,BACKUP01,0,0,0,2,1,1,0.572,High
V0033,DB01,1,1,1,0,2,0,0.521,Medium
V0034,BACKUP01,0,0,0,1,2,0,0.14,Medium
V0035,APP01,0,1,0,0,1,2,0.281,Medium
V0036,WEB01,1,2,1,2,2,0,0.916,High
V0037,AUTH01,1,0,0,0,0,1,0.371,Low
V0038,BACKUP01,1,1,1,2,0,0,0.291,Medium
V0039,VPN01,1,1,1,0,2,2,0.165,Medium
V0040,BACKUP01,0,0,0,2,2,0,0.749,High
V0041,WEB01,1,2,0,2,0,1,0.316,Medium
V0042,WEB01,1,1,1,1,1,2,0.747,High
V0043,WEB01,0,0,0,2,2,0,0.123,High
V0044,EMP01,1,2,0,2,0,1,0.875,High
V0045,VPN01,0,0,0,0,2,2,0.972,Critical
V0046,APP01,1,1,0,2,0,0,0.132,Low
V0047,DB01,0,2,1,0,0,1,0.694,Medium
V0048,DB01,1,1,0,2,2,0,0.739,High
V0049,BACKUP01,1,0,0,0,1,2,0.398,Medium
V0050,BACKUP01,0,0,0,1,1,0,0.286,Medium
V0051,DB01,1,2,0,0,1,1,0.634,Medium
V0052,BACKUP01,0,2,0,2,1,0,0.596,High
V0053,DB01,0,2,1,2,1,1,0.785,High
V0054,DB01,0,1,0,0,2,0,0.233,Medium
V0055,AUTH01,0,1,1,1,2,2,0.603,High
V0056,EMP01,0,0,0,2,1,0,0.867,High
V0057,DB01,0,1,1,0,0,0,0.746,Low
V0058,EMP01,1,2,0,2,0,1,0.146,Medium
V0059,EMP01,0,2,0,0,2,0,0.921,High
V0060,WEB01,0,0,0,1,0,1,0.021,Low
V0061,VPN01,1,0,0,0,2,0,0.591,Medium
V0062,VPN01,1,2,0,2,0,2,0.875,High
V0063,APP01,1,2,1,0,1,0,0.237,Low
V0064,WEB01,0,1,1,2,1,0,0.374,Medium
V0065,AUTH01,1,1,1,0,0,2,0.052,Low
V0066,BACKUP01,1,2,0,2,2,2,0.98,Critical
V0067,DB01,0,2,1,2,1,1,0.779,High
V0068,BACKUP01,0,2,1,0,1,2,0.463,Medium
V0069,VPN01,1,1,1,1,0,0,0.14,Low
V0070,AUTH01,0,0,0,1,0,1,0.366,Medium
V0071,DB01,1,0,0,1,0,2,0.297,Medium
V0072,AUTH01,1,2,1,2,1,2,0.535,High
V0073,DB01,1,2,0,1,0,2,0.533,Medium
V0074,APP01,1,0,0,0,2,0,0.695,Medium
V0075,EMP01,1,2,1,0,2,1,0.095,Medium
V0076,WEB01,1,1,0,1,2,2,0.959,Critical
V0077,BACKUP01,0,2,0,1,1,2,0.795,High
V0078,WEB01,1,0,0,2,1,0,0.616,High
V0079,EMP01,0,0,0,1,0,1,0.466,Medium
V0080,VPN01,1,2,1,2,2,1,0.6,High
V0081,VPN01,0,2,1,0,2,0,0.088,Low
V0082,EMP01,1,2,0,2,2,0,0.334,High
V0083,VPN01,1,2,1,2,1,0,0.364,Medium
V0084,BACKUP01,0,0,0,2,0,0,0.438,Medium
V0085,AUTH01,1,1,0,2,0,1,0.936,High
V0086,BACKUP01,1,1,0,0,1,1,0.718,Medium
V0087,WEB01,1,2,0,0,0,2,0.637,Medium
V0088,WEB01,0,1,1,0,2,1,0.454,Medium
V0089,WEB01,1,2,0,0,2,1,0.442,Medium
V0090,WEB01,0,1,1,2,2,1,0.997,Critical
V0091,EMP01,0,2,1,0,2,2,0.106,Medium
V0092,WEB01,1,0,1,0,1,1,0.897,High
V0093,DB01,1,0,0,0,1,0,0.777,Medium
V0094,WEB01,0,0,1,0,1,2,0.005,Medium
V0095,AUTH01,0,0,1,1,2,2,0.239,High
V0096,BACKUP01,1,0,0,2,2,2,0.772,Critical
V0097,WEB01,1,2,1,2,1,0,0.202,Medium
V0098,EMP01,0,2,1,1,2,1,0.851,High
V0099,WEB01,0,0,1,2,0,0,0.271,Medium
V0100,WEB01,1,1,1,2,1,1,0.616,High
V0101,AUTH01,0,0,0,2,1,2,0.173,High
V0102,VPN01,0,2,0,1,2,1,0.784,High
V0103,VPN01,0,1,1,1,1,0,0.946,High
V0104,EMP01,0,1,1,1,2,0,0.941,High
V0105,WEB01,0,0,0,1,2,1,0.474,High
V0106,AUTH01,0,2,0,2,0,0,0.428,Medium
V0107,DB01,1,1,0,1,2,1,0.409,High
V0108,WEB01,0,2,1,1,0,2,0.418,Medium
V0109,EMP01,0,1,0,0,0,1,0.566,Medium
V0110,AUTH01,1,1,1,1,1,1,0.787,High
V0111,BACKUP01,0,1,0,1,1,1,0.361,Medium
V0112,BACKUP01,1,2,1,1,2,0,0.504,Medium
V0113,AUTH01,1,1,0,2,0,0,0.837,Medium
V0114,DB01,0,0,0,0,0,2,0.056,Medium
V0115,WEB01,0,0,1,1,1,0,0.314,Medium
V0116,DB01,1,2,0,1,2,2,0.372,High
V0117,VPN01,1,0,0,1,2,0,0.365,Medium
V0118,AUTH01,1,0,1,1,2,1,0.688,High
V0119,EMP01,0,2,1,1,2,1,0.011,Medium
V0120,APP01,0,2,1,1,0,2,0.836,High
V0121,EMP01,1,2,1,1,0,2,0.99,High
V0122,WEB01,0,1,0,2,1,0,0.755,High
V0123,APP01,0,1,0,1,2,0,0.181,Medium
V0124,AUTH01,1,2,0,1,0,0,0.49,Low
V0125,DB01,1,1,1,1,0,0,0.244,Low
V0126,EMP01,1,2,1,1,1,1,0.763,High
V0127,BACKUP01,1,0,1,1,2,1,0.338,High
V0128,DB01,1,0,0,1,2,2,0.505,High
V0129,EMP01,0,2,0,1,0,2,0.341,Medium
V0130,AUTH01,0,2,1,1,0,0,0.917,Medium
V0131,APP01,1,1,0,0,0,1,0.192,Low
V0132,AUTH01,0,1,1,2,1,1,0.598,High
V0133,EMP01,1,0,0,0,0,2,0.634,Medium
V0134,DB01,1,2,1,2,1,2,0.903,Critical
V0135,WEB01,1,2,0,2,1,2,0.867,Critical
V0136,VPN01,0,1,1,2,1,1,0.654,High
V0137,BACKUP01,0,2,0,2,0,0,0.734,Medium
V0138,WEB01,1,1,0,0,0,0,0.777,Low
V0139,APP01,1,1,1,2,2,1,0.978,Critical
V0140,VPN01,0,0,1,1,0,0,0.802,Medium
V0141,BACKUP01,0,2,0,2,0,0,0.373,Medium
V0142,EMP01,0,1,0,2,2,2,0.774,Critical
V0143,BACKUP01,0,2,1,2,1,2,0.049,High
V0144,WEB01,0,0,1,0,2,1,0.515,High
V0145,EMP01,0,2,1,0,2,1,0.896,High
V0146,AUTH01,1,0,0,1,2,1,0.853,High
V0147,VPN01,1,0,1,1,1,1,0.275,Medium
V0148,AUTH01,1,2,0,2,0,2,0.718,High
V0149,VPN01,0,2,1,2,1,0,0.408,Medium
V0150,EMP01,0,0,1,0,2,2,0.595,High
V0151,WEB01,0,1,0,2,0,1,0.134,Medium
V0152,WEB01,0,0,0,1,0,1,0.453,Medium
V0153,BACKUP01,1,1,1,1,1,1,0.959,High
V0154,BACKUP01,1,1,1,2,0,1,0.235,Medium
V0155,APP01,1,0,1,2,0,1,0.742,High
V0156,APP01,1,1,1,0,0,2,0.322,Medium
V0157,APP01,0,0,0,2,0,0,0.561,Medium
V0158,VPN01,1,1,1,1,1,2,0.995,High
V0159,VPN01,1,2,0,2,2,2,0.788,Critical
V0160,EMP01,0,0,1,0,0,1,0.955,Medium
V0161,DB01,1,1,1,1,0,0,0.96,Medium
V0162,WEB01,0,0,0,0,0,1,0.455,Medium
V0163,EMP01,0,1,1,0,0,0,0.112,Low
V0164,APP01,0,2,0,2,2,1,0.302,High
V0165,AUTH01,0,1,0,1,0,0,0.112,Low
V0166,VPN01,1,0,0,0,1,0,0.333,Low
V0167,APP01,0,1,1,2,1,2,0.26,High
V0168,EMP01,0,1,0,2,1,2,0.228,High
V0169,BACKUP01,1,0,0,2,1,0,0.461,Medium
V0170,WEB01,1,0,0,1,0,0,0.919,Medium
V0171,EMP01,0,0,1,0,2,0,0.111,Low
V0172,EMP01,1,1,0,0,1,0,0.849,Medium
V0173,BACKUP01,0,0,0,2,1,1,0.163,High
V0174,BACKUP01,1,2,1,0,0,0,0.454,Low
V0175,APP01,1,1,1,2,0,1,0.813,High
V0176,APP01,0,1,1,0,1,0,0.414,Low
V0177,AUTH01,1,0,1,0,2,0,0.346,Medium
V0178,EMP01,0,2,0,1,2,2,0.739,Critical
V0179,DB01,1,0,0,2,0,1,0.126,Medium
V0180,VPN01,0,2,1,0,0,2,0.992,High
V0181,AUTH01,0,0,1,0,1,2,0.585,High
V0182,VPN01,0,1,1,0,2,1,0.622,High
V0183,AUTH01,0,0,1,0,1,1,0.295,Medium
V0184,EMP01,1,2,1,0,0,0,0.231,Low
V0185,VPN01,1,2,1,0,1,1,0.554,Medium
V0186,VPN01,0,2,1,1,2,2,0.758,Critical
V0187,WEB01,1,2,0,1,2,1,0.012,Medium
V0188,WEB01,1,1,1,1,1,2,0.89,High
V0189,APP01,1,1,0,2,1,0,0.962,High
V0190,BACKUP01,0,2,0,2,2,2,0.212,High
V0191,AUTH01,0,1,1,2,1,2,0.379,High
V0192,DB01,1,0,1,1,2,1,0.57,High
V0193,VPN01,0,0,1,2,2,2,0.798,Critical
V0194,WEB01,0,0,0,1,2,1,0.979,Critical
V0195,EMP01,1,1,1,2,2,2,0.395,Critical
V0196,AUTH01,0,1,1,1,1,1,0.602,High
V0197,AUTH01,1,2,1,1,0,0,0.377,Low
V0198,EMP01,0,2,0,0,0,0,0.339,Low
V0199,EMP01,0,2,1,0,0,0,0.754,Low
V0200,APP01,1,1,0,1,0,2,0.522,Medium
V0201,WEB01,0,1,0,0,0,0,0.481,Low
V0202,WEB01,1,0,1,2,1,2,0.252,High
V0203,WEB01,0,0,0,2,0,2,0.902,Critical
V0204,WEB01,1,1,1,1,2,1,0.138,Medium
V0205,DB01,1,0,0,1,1,0,0.846,High
V0206,APP01,1,1,1,1,0,0,0.16,Low
V0207,DB01,0,2,0,1,1,2,0.296,High
V0208,DB01,0,2,0,0,2,0,0.207,Medium
V0209,AUTH01,1,2,0,0,0,2,0.1,Low
V0210,AUTH01,0,0,1,1,0,1,0.45,Medium
V0211,DB01,0,0,1,2,0,2,0.875,Critical
V0212,APP01,0,1,1,2,0,0,0.161,Low
V0213,APP01,0,2,0,2,0,2,0.518,High
V0214,VPN01,0,1,1,1,1,2,0.132,Medium
V0215,APP01,0,0,0,2,0,1,0.953,High
V0216,APP01,0,1,1,2,0,0,0.03,Low
V0217,WEB01,0,0,0,2,0,0,0.608,Medium
V0218,APP01,0,2,0,1,1,1,0.989,High
V0219,DB01,0,2,1,2,1,1,0.153,Medium
V0220,AUTH01,1,2,0,1,0,2,0.794,High
V0221,APP01,1,1,0,2,1,2,0.212,High
V0222,WEB01,1,1,0,0,1,2,0.993,High
V0223,VPN01,0,0,1,0,1,1,0.129,Low
V0224,BACKUP01,0,2,1,1,1,0,0.319,Medium
V0225,WEB01,0,2,1,1,0,1,0.6,Medium
V0226,APP01,0,1,1,1,1,1,0.678,High
V0227,DB01,1,2,1,0,2,1,0.892,High
V0228,EMP01,1,0,1,1,1,2,0.302,High
V0229,BACKUP01,0,2,1,1,2,2,0.403,High
V0230,BACKUP01,1,0,1,1,1,2,0.419,High
V0231,APP01,0,1,0,1,2,1,0.44,High
V0232,EMP01,0,2,0,0,2,0,0.663,Medium
V0233,BACKUP01,0,0,1,0,2,0,0.778,Medium
V0234,WEB01,1,2,0,2,2,0,0.275,Medium
V0235,DB01,1,0,0,0,0,2,0.91,High
V0236,BACKUP01,0,2,1,1,2,2,0.61,High
V0237,VPN01,1,0,0,1,0,0,0.976,Medium
V0238,AUTH01,0,1,1,1,0,1,0.875,High
V0239,AUTH01,1,1,0,1,0,2,0.854,High
V0240,EMP01,0,2,1,2,1,1,0.334,High
V0241,BACKUP01,1,0,0,2,2,2,0.843,Critical
V0242,DB01,1,0,1,2,2,0,0.481,High
V0243,AUTH01,1,1,1,0,1,1,0.289,Medium
V0244,APP01,0,1,1,1,1,0,0.816,Medium
V0245,VPN01,0,2,1,0,1,0,0.336,Low
V0246,DB01,1,0,1,0,0,2,0.116,Low
V0247,WEB01,0,1,0,2,0,0,0.154,Medium
V0248,BACKUP01,0,1,1,2,2,0,0.07,Medium
V0249,APP01,1,0,1,2,0,0,0.885,Medium
V0250,APP01,1,1,0,2,2,1,0.423,High
V0251,WEB01,1,1,0,1,0,2,0.653,High
V0252,WEB01,1,0,1,0,1,0,0.728,Medium
V0253,APP01,0,2,0,0,0,1,0.425,Low
V0254,DB01,0,1,1,2,1,0,0.832,High
V0255,DB01,1,2,1,1,1,0,0.749,Medium
V0256,APP01,1,0,0,0,2,0,0.879,High
V0257,VPN01,1,0,0,0,0,1,0.068,Low
V0258,DB01,0,0,0,0,1,2,0.035,Medium
V0259,WEB01,0,1,1,2,1,0,0.147,Medium
V0260,DB01,1,0,1,1,1,1,0.093,Medium
V0261,APP01,0,1,1,2,1,0,0.752,High
V0262,AUTH01,1,1,1,2,1,0,0.219,Medium
V0263,AUTH01,1,0,1,2,2,0,0.086,Medium
V0264,AUTH01,0,0,0,0,2,0,0.99,High
V0265,APP01,1,0,1,1,0,1,0.393,Medium
V0266,APP01,1,2,1,2,2,1,0.221,High
V0267,DB01,0,1,1,0,0,2,0.566,Medium
V0268,WEB01,1,1,1,1,2,1,0.049,Medium
V0269,APP01,1,1,0,1,1,0,0.419,Medium
V0270,AUTH01,1,0,1,1,1,0,0.271,Medium
V0271,DB01,0,1,0,0,1,1,0.677,Medium
V0272,BACKUP01,0,1,0,0,0,1,0.646,Medium
V0273,DB01,1,0,1,2,0,1,0.476,Medium
V0274,EMP01,1,1,0,1,0,1,0.195,Low
V0275,WEB01,0,2,0,0,2,0,0.207,Medium
V0276,BACKUP01,0,1,0,0,0,1,0.32,Low
V0277,BACKUP01,0,1,0,0,1,1,0.265,Medium
V0278,BACKUP01,1,1,0,2,2,0,0.1,Medium
V0279,APP01,1,0,0,0,1,1,0.122,Low
V0280,VPN01,1,2,1,0,2,2,0.997,High
V0281,WEB01,0,0,0,1,0,0,0.949,Medium
V0282,BACKUP01,1,2,1,2,0,2,0.499,High
V0283,DB01,1,1,0,2,2,1,0.398,High
V0284,APP01,1,1,0,1,0,0,0.103,Low
V0285,VPN01,1,2,0,1,1,1,0.409,Medium
V0286,BACKUP01,0,2,1,1,2,2,0.391,High
V0287,AUTH01,1,0,0,1,2,1,0.462,High
V0288,AUTH01,1,1,1,1,0,2,0.379,Medium
V0289,BACKUP01,1,0,0,0,1,2,0.389,Medium
V0290,APP01,0,2,1,2,2,1,0.827,Critical
V0291,EMP01,1,2,0,1,0,2,0.053,Medium
V0292,EMP01,1,2,0,0,2,2,0.005,Medium
V0293,AUTH01,1,0,1,2,2,1,0.027,High
V0294,VPN01,1,0,1,0,1,0,0.005,Low
V0295,DB01,1,2,1,0,2,2,0.373,Medium
V0296,DB01,1,0,0,2,0,1,0.497,Medium
V0297,DB01,0,1,0,2,0,2,0.856,Critical
V0298,AUTH01,0,2,1,2,2,1,0.101,High
V0299,DB01,0,2,1,1,0,1,0.982,High
V0300,AUTH01,1,2,0,2,1,0,0.118,Medium
V0301,DB01,1,2,0,2,0,0,0.304,Medium
V0302,VPN01,1,0,0,2,1,1,0.69,High
V0303,WEB01,1,0,1,2,0,1,0.619,High
V0304,APP01,0,1,0,2,1,2,0.14,High
V0305,APP01,1,0,0,1,0,0,0.947,Medium
V0306,WEB01,0,0,1,1,2,0,0.652,High
V0307,AUTH01,1,2,1,1,1,1,0.431,Medium
V0308,BACKUP01,0,0,1,1,2,1,0.04,Medium
V0309,AUTH01,0,2,1,0,1,2,0.045,Medium
V0310,WEB01,1,2,1,2,0,0,0.835,Medium
V0311,EMP01,1,0,1,1,0,2,0.567,Medium
V0312,BACKUP01,0,2,0,2,0,0,0.311,Medium
V0313,EMP01,1,0,1,0,0,2,0.094,Low
V0314,BACKUP01,1,0,1,1,2,0,0.842,High
V0315,AUTH01,0,2,1,0,2,2,0.546,High
V0316,EMP01,1,2,1,0,2,1,0.483,Medium
V0317,WEB01,0,1,1,1,0,1,0.392,Medium
V0318,VPN01,0,2,0,1,2,2,0.931,Critical
V0319,APP01,1,1,0,0,0,0,0.206,Low
V0320,BACKUP01,1,2,0,1,1,1,0.977,High
V0321,APP01,0,0,1,0,1,0,0.063,Low
V0322,VPN01,0,0,1,1,2,0,0.626,High
V0323,EMP01,1,0,1,2,2,1,0.864,Critical
V0324,APP01,1,0,0,0,0,1,0.438,Low
V0325,AUTH01,1,2,1,1,0,2,0.54,Medium
V0326,EMP01,0,1,0,0,1,0,0.435,Medium
V0327,DB01,1,0,1,2,2,0,0.937,High
V0328,VPN01,0,2,0,1,1,1,0.508,Medium
V0329,BACKUP01,1,1,0,2,0,1,0.478,Medium
V0330,APP01,0,2,0,2,1,0,0.638,High
V0331,APP01,1,0,1,2,0,1,0.897,High
V0332,EMP01,0,2,0,2,2,2,0.782,Critical
V0333,AUTH01,1,1,0,1,0,2,0.631,High
V0334,BACKUP01,0,1,1,2,2,2,0.371,Critical
V0335,VPN01,1,1,1,2,1,1,0.737,High
V0336,WEB01,0,1,0,1,2,1,0.199,High
V0337,VPN01,0,1,0,2,0,2,0.273,High
V0338,APP01,0,0,1,2,0,0,0.291,Medium
V0339,DB01,0,1,0,2,2,2,0.708,Critical
V0340,APP01,0,2,0,2,1,2,0.273,High
V0341,APP01,0,0,0,0,2,1,0.705,High
V0342,DB01,0,1,0,0,2,1,0.815,High
V0343,APP01,0,1,0,2,0,0,0.361,Medium
V0344,APP01,0,0,0,1,1,2,0.752,High
V0345,EMP01,0,0,0,0,1,0,0.439,Medium
V0346,DB01,0,2,0,2,0,1,0.93,High
V0347,VPN01,0,1,1,1,0,2,0.999,High
V0348,DB01,1,1,1,2,2,1,0.461,High
V0349,VPN01,1,0,1,0,1,1,0.494,Medium
V0350,DB01,0,1,1,2,1,1,0.109,Medium
V0351,EMP01,1,0,0,2,0,2,0.995,Critical
V0352,AUTH01,1,0,1,0,0,0,0.268,Low
V0353,EMP01,1,1,1,2,1,1,0.557,High
V0354,WEB01,0,0,0,0,0,2,0.949,High
V0355,DB01,1,1,0,2,0,2,0.192,Medium
V0356,BACKUP01,0,0,1,2,0,2,0.14,Medium
V0357,AUTH01,0,2,1,2,1,0,0.276,Medium
V0358,VPN01,1,1,0,0,1,2,0.253,Medium
V0359,DB01,1,2,1,2,1,1,0.835,High
V0360,BACKUP01,0,2,0,1,1,1,0.039,Medium
V0361,WEB01,0,0,1,1,2,2,0.089,High
V0362,APP01,0,1,1,0,1,0,0.195,Low
V0363,DB01,1,1,0,1,2,2,0.642,Critical
V0364,AUTH01,1,0,1,0,1,1,0.923,High
V0365,AUTH01,0,0,1,2,0,2,0.098,Medium
V0366,VPN01,0,0,0,0,0,1,0.289,Low
V0367,EMP01,0,2,0,2,1,2,0.266,High
V0368,BACKUP01,0,0,0,0,0,0,0.402,Low
V0369,WEB01,1,0,0,2,1,1,0.035,Medium
V0370,APP01,0,2,1,1,2,0,0.917,High
V0371,BACKUP01,1,2,0,2,0,0,0.051,Low
V0372,DB01,1,1,0,0,1,1,0.128,Low
V0373,WEB01,0,2,0,2,0,2,0.441,High
V0374,DB01,1,0,1,2,2,0,0.749,High
V0375,EMP01,1,0,0,0,2,0,0.503,Medium
V0376,DB01,1,1,1,2,1,2,0.913,Critical
V0377,DB01,1,0,1,2,0,2,0.523,High
V0378,DB01,0,1,1,1,2,0,0.918,High
V0379,WEB01,0,2,0,1,1,1,0.474,Medium
V0380,BACKUP01,1,0,0,1,1,1,0.284,Medium
V0381,DB01,1,2,1,1,1,2,0.884,High
V0382,EMP01,0,0,1,0,1,0,0.658,Medium
V0383,AUTH01,1,2,1,0,1,0,0.712,Medium
V0384,AUTH01,1,1,0,1,0,1,0.865,Medium
V0385,AUTH01,1,0,1,1,1,2,0.051,Medium
V0386,DB01,1,1,0,1,2,0,0.886,High
V0387,DB01,0,0,1,1,1,2,0.246,High
V0388,EMP01,0,1,0,1,2,1,0.636,High
V0389,WEB01,0,2,1,1,0,1,0.45,Medium
V0390,DB01,1,0,0,0,2,2,0.35,High
V0391,EMP01,1,1,0,0,0,2,0.903,High
V0392,APP01,1,2,0,2,0,0,0.09,Low
V0393,WEB01,0,0,0,0,0,2,0.074,Medium
V0394,DB01,0,1,1,2,1,0,0.631,High
V0395,AUTH01,0,2,0,1,1,1,0.713,High
V0396,APP01,0,2,0,0,1,0,0.797,Medium
V0397,EMP01,1,0,0,0,2,0,0.842,High
V0398,WEB01,0,2,1,1,2,2,0.765,Critical
V0399,WEB01,0,0,1,0,1,2,0.91,High
V0400,VPN01,0,2,1,0,0,1,0.622,Medium
V0401,EMP01,0,1,0,1,2,0,0.694,High
V0402,VPN01,1,1,1,1,0,2,0.409,Medium
V0403,DB01,0,0,1,0,0,1,0.743,Medium
V0404,DB01,0,2,1,1,1,0,0.473,Medium
V0405,BACKUP01,1,1,0,1,2,2,0.492,High
V0406,WEB01,1,1,1,2,2,0,0.516,High
V0407,BACKUP01,1,1,1,2,1,1,0.468,High
V0408,APP01,1,1,0,1,0,1,0.095,Low
V0409,EMP01,1,0,1,1,1,2,0.733,High
V0410,BACKUP01,0,0,1,2,0,0,0.167,Medium
V0411,AUTH01,0,1,0,0,1,1,0.412,Medium
V0412,VPN01,1,0,0,0,2,2,0.756,High
V0413,AUTH01,0,2,0,2,2,0,0.287,High
V0414,BACKUP01,0,2,0,1,1,2,0.99,Critical
V0415,AUTH01,0,1,0,1,2,2,0.933,Critical
V0416,AUTH01,0,1,1,2,2,0,0.44,High
V0417,BACKUP01,0,2,0,2,2,2,0.798,Critical
V0418,VPN01,0,0,0,1,1,0,0.506,Medium
V0419,AUTH01,1,1,0,1,2,2,0.334,High
V0420,DB01,0,1,0,1,0,1,0.446,Medium
V0421,BACKUP01,0,0,0,2,2,1,0.021,High
V0422,APP01,0,0,0,0,1,2,0.065,Medium
V0423,WEB01,0,0,1,1,2,0,0.849,High
V0424,VPN01,0,1,1,0,1,2,0.072,Medium
V0425,EMP01,0,2,1,2,0,0,0.179,Low
V0426,APP01,1,1,1,2,0,2,0.66,High
V0427,VPN01,0,2,0,1,2,2,0.494,High
V0428,APP01,0,2,0,2,1,2,0.046,High
V0429,VPN01,0,1,0,2,1,0,0.439,Medium
V0430,DB01,1,0,1,1,2,1,0.712,High
V0431,APP01,0,0,1,1,1,1,0.246,Medium
V0432,AUTH01,0,2,0,1,1,0,0.177,Low
V0433,VPN01,0,2,1,2,1,0,0.93,High
V0434,WEB01,0,0,1,1,2,1,0.763,High
V0435,DB01,1,2,0,2,0,2,0.55,High
V0436,EMP01,0,0,1,0,1,2,0.417,Medium
V0437,EMP01,1,1,1,0,1,2,0.075,Medium
V0438,VPN01,1,0,1,1,1,2,0.312,High
V0439,AUTH01,1,2,0,2,0,1,0.175,Medium
V0440,DB01,0,2,0,1,2,1,0.215,Medium
V0441,EMP01,1,2,1,1,0,2,0.242,Medium
V0442,EMP01,1,1,1,0,0,0,0.987,Medium
V0443,AUTH01,1,0,0,0,2,2,0.34,High
V0444,APP01,0,1,0,2,2,0,0.335,High
V0445,DB01,0,2,1,1,0,2,0.446,Medium
V0446,BACKUP01,1,0,1,0,0,1,0.489,Low
V0447,VPN01,0,0,0,0,0,2,0.047,Low
V0448,AUTH01,0,1,0,0,1,2,0.522,High
V0449,AUTH01,0,0,0,0,2,1,0.374,Medium
V0450,APP01,1,2,0,1,0,1,0.457,Medium
V0451,APP01,0,1,1,2,0,1,0.53,Medium
V0452,AUTH01,1,0,0,1,1,2,0.421,High
V0453,BACKUP01,1,0,0,2,2,2,0.022,High
V0454,DB01,1,0,1,2,0,2,0.632,High
V0455,BACKUP01,0,2,1,2,2,0,0.445,High
V0456,BACKUP01,1,1,0,2,1,0,0.016,Medium
V0457,APP01,0,1,0,2,1,0,0.48,High
V0458,WEB01,1,0,0,0,0,0,0.945,Medium
V0459,WEB01,1,0,1,1,0,0,0.424,Low
V0460,APP01,1,2,1,2,2,2,0.505,Critical
V0461,BACKUP01,1,2,0,1,0,0,0.855,Medium
V0462,APP01,0,0,1,2,2,0,0.301,High
V0463,VPN01,0,0,0,1,1,0,0.68,Medium
V0464,AUTH01,0,1,1,1,0,1,0.349,Medium
V0465,WEB01,0,2,0,1,1,1,0.853,High
V0466,AUTH01,1,0,0,0,2,1,0.039,Medium
V0467,AUTH01,1,1,1,0,2,0,0.747,Medium
V0468,EMP01,0,0,1,2,2,0,0.71,High
V0469,WEB01,0,2,1,2,1,1,0.163,Medium
V0470,EMP01,1,2,1,2,0,1,0.014,Low
V0471,DB01,0,2,1,0,0,0,0.108,Low
V0472,APP01,0,1,0,2,0,1,0.193,Medium
V0473,AUTH01,1,1,0,1,2,1,0.328,High
V0474,DB01,0,1,0,0,0,0,0.991,Medium
V0475,WEB01,0,2,0,1,2,1,0.315,High
V0476,BACKUP01,1,0,1,2,2,1,0.434,High
V0477,VPN01,0,2,1,2,2,0,0.929,High
V0478,WEB01,0,2,1,1,2,0,0.656,High
V0479,VPN01,0,0,1,2,2,2,0.602,Critical
V0480,AUTH01,1,1,0,2,0,2,0.042,Medium
V0481,WEB01,1,1,0,0,2,1,0.425,Medium
V0482,AUTH01,1,0,0,2,2,2,0.328,Critical
V0483,WEB01,1,1,0,1,1,0,0.503,Medium
V0484,AUTH01,0,2,0,1,1,1,0.824,High
V0485,EMP01,1,0,1,2,0,2,0.968,Critical
V0486,APP01,1,0,0,2,1,1,0.818,High
V0487,AUTH01,0,1,0,0,0,2,0.115,Medium
V0488,EMP01,1,1,1,0,0,1,0.816,Medium
V0489,AUTH01,0,0,1,1,0,0,0.663,Medium
V0490,APP01,0,1,1,0,2,0,0.323,Medium
V0491,EMP01,0,1,0,2,1,1,0.156,Medium
V0492,BACKUP01,0,2,1,2,1,0,0.482,Medium
V0493,EMP01,1,2,1,0,2,0,0.93,Medium
V0494,VPN01,1,1,0,0,1,2,0.416,Medium
V0495,EMP01,0,0,1,2,2,0,0.705,High
V0496,AUTH01,0,1,0,0,1,0,0.655,Medium
V0497,VPN01,0,0,1,2,2,2,0.876,Critical
V0498,VPN01,0,2,0,2,1,2,0.297,High
V0499,APP01,1,0,0,1,1,0,0.386,Medium
V0500,AUTH01,0,2,0,0,1,0,0.345,Low
V0501,APP01,1,1,1,2,0,1,0.588,Medium
V0502,DB01,1,0,1,0,2,2,0.059,Medium
V0503,WEB01,1,1,1,2,1,2,0.458,High
V0504,DB01,0,1,1,0,0,2,0.508,Medium
V0505,VPN01,0,2,1,2,1,1,0.612,High
V0506,WEB01,1,1,1,1,2,0,0.556,Medium
V0507,WEB01,1,0,0,2,2,1,0.42,High
V0508,APP01,0,2,0,2,2,0,0.094,Medium
V0509,APP01,0,2,1,2,0,0,0.292,Medium
V0510,AUTH01,1,0,1,1,1,0,0.299,Medium
V0511,BACKUP01,1,0,0,2,1,0,0.005,Medium
V0512,VPN01,1,2,1,0,2,0,0.486,Medium
V0513,AUTH01,1,1,0,0,2,1,0.431,Medium
V0514,WEB01,1,1,1,1,2,2,0.385,High
V0515,WEB01,0,0,1,1,0,0,0.175,Low
V0516,WEB01,1,2,0,1,2,2,0.067,High
V0517,AUTH01,0,1,1,0,0,0,0.986,Medium
V0518,VPN01,0,0,0,0,1,1,0.58,Medium
V0519,WEB01,0,1,0,2,0,0,0.428,Medium
V0520,VPN01,1,0,1,2,1,1,0.069,Medium
V0521,WEB01,0,0,1,0,1,2,0.288,Medium
V0522,DB01,1,0,0,2,2,2,0.089,High
V0523,VPN01,0,0,1,0,1,2,0.235,Medium
V0524,VPN01,1,2,0,0,2,2,0.501,High
V0525,AUTH01,1,2,0,0,1,2,0.052,Medium
V0526,EMP01,0,0,1,0,1,2,0.263,Medium
V0527,AUTH01,1,1,0,1,1,1,0.462,Medium
V0528,AUTH01,0,2,0,2,0,2,0.15,Medium
V0529,BACKUP01,1,2,0,1,1,0,0.694,Medium
V0530,WEB01,1,0,0,1,0,1,0.047,Low
V0531,WEB01,0,2,0,2,0,0,0.748,Medium
V0532,AUTH01,0,2,1,1,2,2,0.011,High
V0533,VPN01,0,1,0,2,2,0,0.189,High
V0534,DB01,0,1,1,1,1,0,0.753,Medium
V0535,DB01,0,2,0,2,0,0,0.556,Medium
V0536,EMP01,0,2,0,1,2,1,0.975,Critical
V0537,AUTH01,0,1,0,1,2,1,0.107,Medium
V0538,BACKUP01,0,2,1,0,0,2,0.124,Low
V0539,BACKUP01,0,0,1,2,2,0,0.9,Critical
V0540,EMP01,1,0,0,0,2,2,0.757,High
V0541,BACKUP01,0,2,1,2,2,1,0.322,High
V0542,EMP01,1,0,1,0,1,0,0.437,Low
V0543,EMP01,1,2,0,2,1,0,0.202,Medium
V0544,WEB01,1,1,0,2,1,0,0.404,Medium
V0545,APP01,1,1,1,1,1,1,0.72,High
V0546,VPN01,1,0,1,2,1,2,0.606,High
V0547,VPN01,1,0,0,0,2,1,0.873,High
V0548,APP01,1,0,0,1,1,0,0.734,Medium
V0549,DB01,1,2,0,1,2,1,0.339,High
V0550,VPN01,0,2,1,0,2,1,0.368,Medium
V0551,BACKUP01,0,0,1,0,1,0,0.373,Low
V0552,WEB01,1,1,1,2,0,2,0.338,High
V0553,EMP01,0,2,1,1,2,2,0.803,Critical
V0554,AUTH01,0,2,1,2,2,0,0.051,Medium
V0555,EMP01,1,2,1,2,1,1,0.552,High
V0556,WEB01,0,2,1,2,1,0,0.683,High
V0557,EMP01,1,2,0,2,2,0,0.053,Medium
V0558,EMP01,1,1,1,0,1,2,0.463,Medium
V0559,AUTH01,1,1,1,0,0,0,0.233,Low
V0560,VPN01,1,1,0,0,0,2,0.215,Medium
V0561,AUTH01,0,0,0,1,2,1,0.626,High
V0562,BACKUP01,1,1,0,2,2,0,0.829,High
V0563,VPN01,0,1,1,1,1,1,0.69,High
V0564,DB01,0,0,1,2,1,0,0.377,Medium
V0565,VPN01,0,0,1,1,0,1,0.437,Medium
V0566,AUTH01,0,2,0,0,1,2,0.97,High
V0567,APP01,0,0,1,0,2,0,0.543,Medium
V0568,APP01,0,0,1,2,2,0,0.693,High
V0569,DB01,1,0,0,0,0,1,0.031,Low
V0570,VPN01,1,1,1,0,2,0,0.604,Medium
V0571,WEB01,0,1,0,0,2,0,0.655,Medium
V0572,DB01,1,1,0,1,1,1,0.827,High
V0573,BACKUP01,0,1,0,1,0,2,0.859,High
V0574,DB01,0,0,1,1,0,0,0.077,Low
V0575,APP01,1,0,0,0,1,1,0.334,Medium
V0576,DB01,0,0,0,0,1,2,0.893,High
V0577,VPN01,1,1,1,0,2,0,0.913,Medium
V0578,BACKUP01,0,1,0,2,2,1,0.411,High
V0579,WEB01,1,2,1,1,2,2,0.032,Medium
V0580,EMP01,0,1,1,2,0,2,0.351,High
V0581,WEB01,0,2,1,2,1,1,0.773,High
V0582,BACKUP01,0,0,0,0,0,1,0.823,Medium
V0583,EMP01,1,2,0,2,2,2,0.228,High
V0584,VPN01,1,2,1,0,1,2,0.343,Medium
V0585,DB01,0,0,1,0,2,0,0.497,Medium
V0586,VPN01,1,1,1,2,1,0,0.464,Medium
V0587,DB01,1,0,0,2,1,0,0.717,High
V0588,AUTH01,1,2,1,0,2,0,0.882,Medium
V0589,WEB01,0,2,1,2,0,1,0.846,High
V0590,DB01,1,0,0,0,2,1,0.453,Medium
V0591,DB01,1,2,0,1,1,1,0.106,Medium
V0592,AUTH01,0,0,1,2,1,2,0.246,High
V0593,DB01,0,1,1,2,1,2,0.07,High
V0594,VPN01,1,1,0,0,1,1,0.399,Medium
V0595,DB01,0,1,0,1,0,1,0.472,Medium
V0596,DB01,1,2,1,0,1,1,0.854,Medium
V0597,AUTH01,0,0,0,1,1,0,0.739,High
V0598,VPN01,0,2,1,0,0,1,0.949,Medium
V0599,APP01,0,1,0,2,0,2,0.875,Critical
V0600,AUTH01,0,2,1,1,0,2,0.871,High
V0601,VPN01,1,2,1,1,0,1,0.812,Medium
V0602,APP01,1,0,0,1,2,0,0.17,Medium
V0603,DB01,1,1,1,2,0,0,0.25,Low
V0604,VPN01,0,0,1,2,0,0,0.991,High
V0605,APP01,0,0,0,1,1,1,0.807,High
V0606,DB01,0,2,0,1,0,0,0.785,Medium
V0607,EMP01,0,0,0,1,1,2,0.003,Medium
V0608,APP01,0,0,1,0,1,1,0.46,Medium
V0609,BACKUP01,1,0,0,1,0,2,0.575,High
V0610,DB01,0,0,1,1,0,0,0.361,Low
V0611,BACKUP01,0,2,0,0,2,0,0.497,Medium
V0612,DB01,0,2,0,0,2,1,0.081,Medium
V0613,VPN01,1,2,0,2,2,2,0.698,Critical
V0614,BACKUP01,1,1,1,1,1,2,0.101,Medium
V0615,WEB01,1,0,0,0,1,2,0.445,Medium
V0616,APP01,1,0,1,2,2,0,0.8,High
V0617,EMP01,0,2,0,0,0,2,0.355,Medium
V0618,WEB01,1,1,1,0,0,1,0.117,Low
V0619,DB01,1,0,0,1,0,1,0.217,Medium
V0620,BACKUP01,1,0,1,2,1,1,0.385,High
V0621,DB01,1,2,1,0,1,2,0.988,High
V0622,AUTH01,1,0,1,1,1,2,0.679,High
V0623,VPN01,1,2,0,2,0,1,0.061,Medium
V0624,AUTH01,1,1,0,0,0,1,0.731,Medium
V0625,APP01,1,0,1,0,0,0,0.873,Medium
V0626,VPN01,1,1,0,1,0,1,0.283,Medium
V0627,EMP01,1,1,0,1,0,2,0.288,Medium
V0628,BACKUP01,1,1,0,2,2,2,0.739,Critical
V0629,WEB01,0,1,0,0,2,2,0.736,High
V0630,DB01,0,2,0,1,1,0,0.684,Medium
V0631,EMP01,0,1,1,1,1,0,0.372,Medium
V0632,VPN01,0,0,1,1,1,1,0.245,Medium
V0633,WEB01,1,0,0,1,2,0,0.064,Medium
V0634,VPN01,1,2,0,1,1,0,0.815,Medium
V0635,BACKUP01,0,0,1,2,0,2,0.661,High
V0636,AUTH01,0,0,1,0,1,2,0.525,High
V0637,DB01,0,0,1,0,1,1,0.124,Low
V0638,WEB01,0,1,1,0,2,0,0.621,Medium
V0639,BACKUP01,1,1,0,0,1,0,0.118,Low
V0640,VPN01,0,0,0,0,1,0,0.001,Low
V0641,VPN01,0,0,0,0,0,1,0.329,Low
V0642,BACKUP01,1,0,0,1,0,1,0.108,Low
V0643,EMP01,1,0,0,0,2,2,0.618,High
V0644,BACKUP01,1,1,1,2,0,1,0.204,Medium
V0645,AUTH01,1,1,1,1,0,1,0.931,Medium
V0646,EMP01,0,1,1,1,1,2,0.968,Critical
V0647,BACKUP01,1,0,0,2,1,1,0.704,High
V0648,VPN01,0,1,1,0,2,0,0.155,Low
V0649,DB01,1,0,0,2,2,0,0.709,High
V0650,EMP01,1,1,0,2,0,0,0.06,Low
V0651,AUTH01,0,1,0,2,1,1,0.365,High
V0652,VPN01,1,1,1,1,0,2,0.882,High
V0653,BACKUP01,1,2,1,1,2,0,0.086,Medium
V0654,APP01,0,1,0,0,2,2,0.815,High
V0655,VPN01,1,0,1,0,2,1,0.324,Medium
V0656,APP01,1,0,1,1,2,2,0.777,Critical
V0657,EMP01,0,0,0,2,2,1,0.336,High
V0658,BACKUP01,0,1,0,0,0,2,0.797,High
V0659,BACKUP01,1,2,1,0,2,1,0.257,Medium
V0660,EMP01,1,1,0,2,0,0,0.183,Low
V0661,BACKUP01,0,1,0,1,0,0,0.931,Medium
V0662,EMP01,1,1,1,0,1,2,0.716,High
V0663,DB01,1,2,0,1,2,0,0.1,Medium
V0664,WEB01,1,0,0,2,0,1,0.549,High
V0665,WEB01,1,0,0,1,1,2,0.822,High
V0666,VPN01,0,2,1,2,1,0,0.655,High
V0667,EMP01,0,0,1,2,2,0,0.829,High
V0668,WEB01,1,1,0,0,2,0,0.774,Medium
V0669,APP01,1,1,1,0,0,0,0.751,Low
V0670,EMP01,0,0,1,1,2,1,0.279,High
V0671,VPN01,1,2,1,2,0,0,0.326,Low
V0672,VPN01,0,1,0,1,2,1,0.571,High
V0673,WEB01,0,0,0,0,1,0,0.86,Medium
V0674,WEB01,1,1,0,1,2,1,0.254,Medium
V0675,BACKUP01,0,0,0,2,0,2,0.618,High
V0676,AUTH01,0,0,0,1,1,2,0.924,Critical
V0677,APP01,1,2,0,1,1,2,0.975,High
V0678,APP01,0,0,1,2,2,2,0.887,Critical
V0679,BACKUP01,0,0,1,1,0,2,0.615,High
V0680,APP01,0,1,1,0,0,2,0.27,Medium
V0681,AUTH01,0,1,1,1,0,0,0.883,Medium
V0682,APP01,0,0,0,2,1,1,0.732,High
V0683,VPN01,0,1,0,0,1,2,0.816,High
V0684,AUTH01,1,0,1,0,2,1,0.611,High
V0685,APP01,0,1,1,0,0,0,0.114,Low
V0686,AUTH01,1,0,1,2,2,1,0.205,High
V0687,APP01,0,1,1,1,2,2,0.875,Critical
V0688,VPN01,1,0,1,1,2,0,0.047,Medium
V0689,BACKUP01,0,0,0,1,1,0,0.17,Medium
V0690,DB01,1,0,0,0,2,2,0.641,High
V0691,WEB01,0,2,1,0,2,1,0.187,Medium
V0692,EMP01,1,0,0,2,0,1,0.656,High
V0693,DB01,0,1,0,1,0,0,0.673,Medium
V0694,AUTH01,0,2,0,1,0,2,0.331,Medium
V0695,APP01,1,1,0,0,2,0,0.542,Medium
V0696,AUTH01,0,1,1,2,2,0,0.901,High
V0697,VPN01,1,0,1,0,0,2,0.761,Medium
V0698,AUTH01,1,1,0,0,2,0,0.303,Medium
V0699,AUTH01,1,0,0,2,0,0,0.827,High
V0700,BACKUP01,1,0,1,0,2,0,0.184,Low
V0701,AUTH01,0,0,0,1,0,1,0.124,Medium
V0702,WEB01,0,1,0,0,0,2,0.916,High
V0703,EMP01,0,0,1,0,2,1,0.987,High
V0704,WEB01,1,0,1,2,1,2,0.507,High
V0705,APP01,0,0,1,0,2,2,0.864,Critical
V0706,AUTH01,0,1,1,0,1,2,0.555,High
V0707,AUTH01,1,0,1,0,1,2,0.762,High
V0708,BACKUP01,1,2,1,2,1,1,0.417,High
V0709,EMP01,0,0,0,0,0,0,0.095,Low
V0710,EMP01,0,0,1,2,2,2,0.146,High
V0711,AUTH01,0,0,1,0,1,2,0.76,High
V0712,EMP01,1,0,0,2,2,2,0.195,High
V0713,WEB01,0,1,0,1,0,1,0.112,Low
V0714,AUTH01,0,0,0,0,1,2,0.898,High
V0715,AUTH01,1,1,0,1,0,2,0.879,High
V0716,WEB01,0,0,1,0,0,0,0.696,Low
V0717,VPN01,0,0,0,1,2,1,0.228,High
V0718,WEB01,0,2,1,1,2,0,0.96,High
V0719,VPN01,0,1,0,1,2,2,0.704,Critical
V0720,AUTH01,1,0,0,1,1,0,0.105,Low
V0721,APP01,1,1,0,0,0,0,0.094,Low
V0722,AUTH01,0,2,1,0,1,0,0.09,Low
V0723,VPN01,0,1,0,1,1,2,0.579,High
V0724,DB01,0,0,0,0,2,1,0.497,High
V0725,WEB01,1,0,0,0,1,1,0.072,Low
V0726,APP01,1,0,1,2,1,1,0.944,High
V0727,APP01,0,0,1,0,0,0,0.367,Low
V0728,AUTH01,0,1,1,1,2,2,0.521,High
V0729,BACKUP01,1,1,0,2,2,2,0.59,Critical
V0730,WEB01,1,1,0,0,2,1,0.855,High
V0731,WEB01,1,2,1,1,2,2,0.439,High
V0732,WEB01,1,0,1,2,2,2,0.11,High
V0733,VPN01,0,2,0,1,2,0,0.834,High
V0734,DB01,1,1,1,0,2,2,0.516,High
V0735,BACKUP01,0,0,1,1,2,0,0.659,High
V0736,WEB01,0,1,1,0,2,2,0.85,High
V0737,EMP01,0,0,0,1,2,0,0.878,High
V0738,VPN01,1,1,1,2,1,0,0.985,High
V0739,VPN01,0,0,1,0,0,1,0.329,Low
V0740,AUTH01,1,0,1,2,2,0,0.822,High
V0741,APP01,0,2,1,1,1,0,0.035,Low
V0742,BACKUP01,1,1,1,0,2,0,0.02,Low
V0743,AUTH01,0,0,1,2,0,2,0.62,High
V0744,VPN01,0,1,0,2,2,2,0.447,Critical
V0745,APP01,1,2,0,2,0,2,0.564,High
V0746,VPN01,0,1,1,0,2,2,0.7,High
V0747,VPN01,1,1,0,1,2,0,0.856,High
V0748,VPN01,1,0,1,2,2,1,0.868,Critical
V0749,EMP01,0,0,1,0,0,1,0.164,Low
V0750,VPN01,1,0,0,1,2,2,0.886,Critical
V0751,WEB01,1,2,0,2,2,2,0.39,Critical
V0752,VPN01,1,2,0,0,0,0,0.22,Low
V0753,EMP01,0,2,1,0,1,0,0.246,Low
V0754,AUTH01,0,2,1,0,1,0,0.247,Low
V0755,BACKUP01,1,0,1,0,2,0,0.159,Low
V0756,DB01,1,2,1,2,2,1,0.802,Critical
V0757,DB01,1,2,0,1,2,2,0.799,Critical
V0758,DB01,0,2,1,0,0,0,0.25,Low
V0759,DB01,1,2,1,0,1,0,0.085,Low
V0760,BACKUP01,0,1,0,0,0,0,0.165,Low
V0761,DB01,0,2,0,0,1,0,0.249,Low
V0762,AUTH01,0,1,1,0,0,2,0.023,Low
V0763,APP01,0,2,1,1,0,0,0.016,Low
V0764,WEB01,0,0,0,1,0,0,0.157,Low
V0765,BACKUP01,1,2,0,0,0,1,0.028,Low
V0766,BACKUP01,0,1,0,0,0,0,0.02,Low
V0767,BACKUP01,1,1,0,2,1,2,0.713,Critical
V0768,BACKUP01,0,1,1,2,1,2,0.62,Critical
V0769,WEB01,0,0,1,2,2,2,0.53,Critical
V0770,BACKUP01,0,2,1,0,1,0,0.207,Low
V0771,AUTH01,1,0,1,1,0,0,0.343,Low
V0772,AUTH01,1,2,0,0,1,1,0.13,Low
V0773,EMP01,0,1,1,0,0,1,0.143,Low
V0774,WEB01,0,0,0,0,1,0,0.22,Low
V0775,VPN01,0,1,0,2,1,2,0.98,Critical
V0776,APP01,0,2,0,2,0,0,0.014,Low
V0777,AUTH01,0,1,1,0,0,1,0.152,Low
V0778,DB01,1,2,0,2,0,0,0.222,Low
V0779,DB01,0,1,1,0,0,1,0.313,Low
V0780,WEB01,1,0,1,0,1,0,0.178,Low
V0781,BACKUP01,0,1,0,0,0,2,0.095,Low
V0782,VPN01,1,1,1,2,2,1,0.768,Critical
V0783,AUTH01,1,1,1,2,1,2,0.887,Critical
V0784,VPN01,0,1,1,1,0,0,0.479,Low
V0785,WEB01,0,1,0,1,0,1,0.02,Low
V0786,EMP01,0,1,0,0,0,0,0.435,Low
V0787,BACKUP01,1,2,1,0,2,0,0.07,Low
V0788,VPN01,0,0,0,1,2,2,0.836,Critical
V0789,VPN01,1,2,0,1,0,1,0.113,Low
V0790,WEB01,0,0,1,1,0,0,0.334,Low
V0791,VPN01,1,1,1,2,2,2,0.476,Critical
V0792,DB01,1,1,1,1,0,1,0.021,Low
V0793,VPN01,0,2,1,2,0,0,0.042,Low
V0794,APP01,0,2,0,2,2,2,0.994,Critical
V0795,DB01,1,1,0,0,0,0,0.075,Low
V0796,WEB01,0,0,1,2,0,0,0.025,Low
V0797,VPN01,1,2,0,2,2,1,0.832,Critical
V0798,APP01,0,0,0,1,2,2,0.896,Critical
V0799,EMP01,1,2,1,1,2,0,0.002,Low
V0800,APP01,1,1,1,0,1,1,0.138,Low
V0801,VPN01,1,2,0,0,0,0,0.302,Low
V0802,AUTH01,1,2,1,0,1,0,0.149,Low
V0803,BACKUP01,1,1,0,0,0,2,0.175,Low
V0804,EMP01,1,0,1,2,0,0,0.04,Low
V0805,DB01,1,1,1,1,0,0,0.397,Low
V0806,EMP01,0,1,1,0,0,1,0.25,Low
V0807,DB01,1,0,1,2,1,2,0.85,Critical
V0808,EMP01,0,0,0,1,2,2,0.9,Critical
V0809,AUTH01,1,0,0,0,0,1,0.039,Low
V0810,AUTH01,0,0,0,1,2,2,0.875,Critical
V0811,DB01,1,0,1,0,1,0,0.035,Low
V0812,EMP01,0,2,1,0,0,0,0.41,Low
V0813,VPN01,0,2,0,0,1,0,0.036,Low
V0814,VPN01,1,0,0,1,0,0,0.006,Low
V0815,EMP01,0,1,0,2,2,2,0.319,Critical
V0816,WEB01,1,1,0,0,0,1,0.463,Low
V0817,DB01,1,1,1,1,1,0,0.279,Low
V0818,EMP01,0,1,0,1,2,2,0.788,Critical
V0819,BACKUP01,1,2,1,0,0,2,0.238,Low
V0820,APP01,0,0,0,1,0,0,0.009,Low
V0821,BACKUP01,1,1,1,0,0,0,0.873,Low
V0822,AUTH01,0,2,0,0,0,0,0.633,Low
V0823,AUTH01,1,0,0,2,0,0,0.007,Low
V0824,APP01,0,0,0,2,2,2,0.291,Critical
V0825,WEB01,1,1,1,0,0,0,0.852,Low
V0826,AUTH01,1,0,0,0,0,1,0.246,Low
V0827,DB01,1,1,1,1,1,0,0.169,Low
V0828,VPN01,0,1,1,1,0,1,0.15,Low
V0829,WEB01,0,0,0,1,2,2,0.936,Critical
V0830,WEB01,0,2,1,1,0,0,0.227,Low
V0831,AUTH01,0,0,1,1,1,0,0.063,Low
V0832,AUTH01,1,1,1,2,2,1,0.756,Critical
V0833,APP01,1,2,0,2,2,2,0.583,Critical
V0834,APP01,1,2,1,0,2,0,0.34,Low
V0835,DB01,0,0,1,2,2,2,0.666,Critical
V0836,BACKUP01,1,2,0,2,2,1,0.952,Critical
V0837,EMP01,1,2,1,0,0,0,0.779,Low
V0838,AUTH01,0,1,0,0,0,0,0.688,Low
V0839,EMP01,0,1,1,2,2,0,0.932,Critical
V0840,APP01,1,0,0,0,1,1,0.064,Low
V0841,AUTH01,1,2,1,0,0,0,0.74,Low
V0842,AUTH01,1,0,0,1,1,2,0.884,Critical
V0843,EMP01,0,0,0,0,1,0,0.171,Low
V0844,AUTH01,1,2,0,2,0,0,0.176,Low
V0845,APP01,1,0,1,2,2,2,0.951,Critical
V0846,WEB01,0,1,0,2,1,1,0.897,Critical
V0847,DB01,1,2,0,0,1,0,0.421,Low
V0848,AUTH01,1,2,1,0,1,1,0.203,Low
V0849,WEB01,1,1,1,0,0,1,0.13,Low
V0850,BACKUP01,1,1,1,0,1,1,0.165,Low
V0851,EMP01,1,2,0,2,0,0,0.124,Low
V0852,DB01,1,2,1,1,0,1,0.097,Low
V0853,DB01,0,0,1,2,2,2,0.882,Critical
V0854,EMP01,1,1,1,2,1,2,0.914,Critical
V0855,APP01,1,1,1,1,2,2,0.801,Critical
V0856,EMP01,1,1,1,1,2,2,0.83,Critical
V0857,WEB01,1,0,1,2,2,2,0.864,Critical
V0858,VPN01,0,1,0,0,0,0,0.607,Low
V0859,AUTH01,0,0,0,2,2,2,0.492,Critical
V0860,DB01,0,1,1,2,0,0,0.027,Low
V0861,VPN01,1,0,1,2,2,1,0.881,Critical
V0862,DB01,0,1,1,1,2,2,0.869,Critical
V0863,APP01,1,0,1,0,1,0,0.268,Low
V0864,EMP01,0,2,1,0,0,1,0.309,Low
V0865,VPN01,1,1,0,0,1,1,0.156,Low
V0866,DB01,0,0,0,1,1,2,0.783,Critical
V0867,VPN01,0,1,1,0,2,0,0.156,Low
V0868,BACKUP01,1,1,1,2,2,1,0.893,Critical
V0869,BACKUP01,0,1,0,1,0,0,0.021,Low
V0870,WEB01,0,0,1,0,0,0,0.573,Low
V0871,WEB01,0,2,1,1,2,2,0.98,Critical
V0872,APP01,1,2,0,0,0,1,0.005,Low
V0873,AUTH01,1,1,0,0,0,0,0.641,Low
V0874,AUTH01,1,2,1,1,2,2,0.918,Critical
V0875,VPN01,1,0,1,1,0,0,0.451,Low
V0876,AUTH01,1,1,1,2,1,2,0.699,Critical
V0877,AUTH01,1,1,1,1,0,0,0.528,Low
V0878,EMP01,1,0,0,2,1,2,0.84,Critical
V0879,WEB01,0,0,1,0,1,1,0.044,Low
V0880,DB01,1,1,1,0,1,0,0.205,Low
V0881,EMP01,1,1,1,0,0,0,0.727,Low
V0882,BACKUP01,1,1,1,1,2,2,0.908,Critical
V0883,WEB01,1,1,1,1,0,0,0.553,Low
V0884,BACKUP01,1,1,1,0,0,0,0.704,Low
V0885,AUTH01,0,0,1,1,1,2,0.872,Critical
V0886,BACKUP01,1,1,1,1,0,0,0.276,Low
V0887,WEB01,1,1,1,0,0,0,0.601,Low
V0888,WEB01,1,2,0,0,0,0,0.525,Low
V0889,APP01,0,1,1,1,2,2,0.783,Critical
V0890,AUTH01,0,2,0,0,0,0,0.467,Low
V0891,VPN01,0,2,0,0,0,0,0.491,Low
V0892,VPN01,0,0,1,2,2,2,0.724,Critical
V0893,DB01,0,0,1,2,1,2,0.866,Critical
V0894,VPN01,0,1,0,2,2,0,0.868,Critical
V0895,AUTH01,0,0,0,1,0,0,0.274,Low
V0896,BACKUP01,1,0,1,0,0,0,0.518,Low
V0897,WEB01,0,2,1,0,0,2,0.24,Low
V0898,AUTH01,0,2,0,1,0,0,0.017,Low
V0899,AUTH01,0,0,1,2,0,0,0.109,Low
V0900,VPN01,0,1,1,1,0,1,0.112,Low
V0901,VPN01,0,1,0,2,1,2,0.841,Critical
V0902,AUTH01,0,0,0,0,1,0,0.035,Low
V0903,WEB01,0,0,1,1,1,0,0.124,Low
V0904,APP01,0,2,0,0,0,1,0.112,Low
V0905,VPN01,0,1,0,1,0,1,0.043,Low
V0906,VPN01,1,0,0,0,0,1,0.026,Low
V0907,DB01,0,1,0,1,1,0,0.064,Low
V0908,BACKUP01,0,0,0,0,0,2,0.014,Low
V0909,VPN01,0,2,1,2,2,2,0.37,Critical
V0910,APP01,1,1,1,1,1,0,0.261,Low
V0911,AUTH01,1,2,0,0,0,2,0.241,Low
V0912,DB01,1,2,0,2,2,2,0.714,Critical
V0913,AUTH01,1,2,1,2,2,1,0.967,Critical
V0914,BACKUP01,0,2,1,0,1,0,0.357,Low
V0915,WEB01,1,0,1,2,0,2,0.969,Critical
V0916,AUTH01,1,1,0,1,2,2,0.629,Critical
V0917,BACKUP01,0,1,1,0,0,0,0.058,Low
V0918,VPN01,0,0,0,2,2,0,0.797,Critical
V0919,WEB01,0,1,0,2,2,1,0.812,Critical
V0920,APP01,0,1,0,1,2,2,0.968,Critical
V0921,VPN01,1,1,1,0,1,0,0.553,Low
V0922,EMP01,0,1,0,1,0,1,0.103,Low
V0923,VPN01,1,2,0,1,0,0,0.51,Low
V0924,AUTH01,0,2,1,0,0,1,0.429,Low
V0925,WEB01,1,1,0,1,1,0,0.012,Low
V0926,DB01,1,2,0,2,1,2,0.746,Critical
V0927,WEB01,0,2,0,2,2,1,0.809,Critical
V0928,DB01,1,0,1,0,1,1,0.197,Low
V0929,VPN01,0,0,1,2,2,2,0.325,Critical
V0930,WEB01,1,2,0,1,1,0,0.174,Low
V0931,BACKUP01,0,1,1,1,2,2,0.659,Critical
V0932,APP01,1,2,0,0,0,0,0.198,Low
V0933,DB01,0,1,1,0,1,1,0.105,Low
V0934,EMP01,1,0,0,2,2,2,0.535,Critical
V0935,AUTH01,0,0,1,1,0,0,0.32,Low
V0936,APP01,1,0,1,0,0,2,0.133,Low
V0937,WEB01,0,1,1,0,0,1,0.267,Low
V0938,DB01,0,2,0,0,0,2,0.126,Low
V0939,VPN01,1,0,0,1,2,2,0.731,Critical
V0940,AUTH01,1,1,1,0,0,1,0.537,Low
V0941,WEB01,0,1,1,1,1,0,0.13,Low
V0942,DB01,0,0,1,1,1,2,0.897,Critical
V0943,DB01,0,2,0,0,0,0,0.169,Low
V0944,AUTH01,1,1,1,2,2,1,0.84,Critical
V0945,WEB01,0,0,0,0,2,0,0.014,Low
V0946,BACKUP01,0,0,1,2,2,2,0.39,Critical
V0947,VPN01,1,0,0,2,2,1,0.589,Critical
V0948,WEB01,0,2,0,0,0,0,0.198,Low
V0949,DB01,0,0,0,2,1,2,0.819,Critical
V0950,EMP01,1,1,1,1,1,0,0.038,Low
V0951,EMP01,0,1,1,1,1,2,0.964,Critical
V0952,EMP01,1,2,1,0,1,0,0.545,Low
V0953,AUTH01,1,0,1,1,0,1,0.167,Low
V0954,WEB01,1,2,0,1,1,0,0.112,Low
V0955,BACKUP01,0,0,0,0,0,1,0.296,Low
V0956,DB01,1,0,0,1,2,2,0.811,Critical
V0957,EMP01,0,1,0,1,1,2,0.986,Critical
V0958,DB01,1,2,1,1,0,0,0.106,Low
V0959,AUTH01,1,2,1,2,0,0,0.064,Low
V0960,EMP01,0,2,0,0,2,2,0.935,Critical
V0961,AUTH01,0,0,1,2,0,2,0.973,Critical
V0962,AUTH01,1,1,0,0,0,0,0.408,Low
V0963,EMP01,1,0,0,0,0,1,0.318,Low
V0964,AUTH01,0,0,0,1,1,2,0.942,Critical
V0965,DB01,1,0,1,0,1,1,0.004,Low
V0966,BACKUP01,1,2,0,1,0,1,0.202,Low
V0967,BACKUP01,1,0,0,1,2,2,0.693,Critical
V0968,EMP01,1,2,0,2,1,2,0.735,Critical
V0969,VPN01,1,0,0,0,0,1,0.286,Low
V0970,DB01,1,2,0,0,0,2,0.197,Low
V0971,DB01,1,2,1,0,2,0,0.261,Low
V0972,APP01,0,0,1,0,0,0,0.229,Low
V0973,APP01,0,1,0,0,1,1,0.014,Low
V0974,BACKUP01,1,2,1,2,2,1,0.903,Critical
V0975,APP01,1,2,1,1,0,1,0.084,Low
V0976,AUTH01,1,0,1,1,2,2,0.751,Critical
V0977,WEB01,1,2,1,2,2,2,0.589,Critical
V0978,BACKUP01,1,1,0,2,2,1,0.646,Critical
V0979,AUTH01,0,0,0,1,1,2,0.939,Critical
V0980,WEB01,0,0,0,1,1,2,0.98,Critical
V0981,APP01,1,2,0,0,1,1,0.102,Low
V0982,BACKUP01,0,2,0,0,0,2,0.045,Low
V0983,EMP01,0,0,0,0,0,0,0.283,Low
V0984,EMP01,0,2,0,1,2,2,0.976,Critical
V0985,APP01,1,0,0,1,2,2,0.69,Critical
V0986,AUTH01,0,0,1,2,1,2,0.624,Critical
V0987,AUTH01,1,2,0,0,0,2,0.268,Low
V0988,BACKUP01,0,2,1,0,0,0,0.656,Low
V0989,VPN01,0,0,1,0,1,1,0.052,Low
V0990,DB01,0,0,0,2,2,1,0.688,Critical
V0991,EMP01,0,0,0,2,2,2,0.267,Critical
V0992,BACKUP01,0,2,0,2,2,2,0.321,Critical
V0993,WEB01,0,1,1,0,2,2,0.949,Critical
V0994,AUTH01,0,2,0,1,2,2,0.674,Critical
V0995,APP01,0,2,1,2,0,0,0.031,Low
V0996,WEB01,1,0,1,2,0,0,0.051,Low
V0997,APP01,0,1,0,1,0,0,0.405,Low
V0998,VPN01,1,1,0,1,1,0,0.108,Low
V0999,BACKUP01,0,1,1,1,2,2,0.983,Critical
V1000,EMP01,0,2,1,2,2,2,0.5,Critical
V1001,APP01,0,0,0,2,1,1,0.967,Critical
V1002,APP01,0,0,1,1,2,1,0.964,Critical
V1003,EMP01,1,0,1,2,2,1,0.774,Critical
V1004,AUTH01,1,1,0,1,2,2,0.888,Critical
V1005,EMP01,0,0,0,1,2,1,0.96,Critical
V1006,APP01,1,0,1,2,2,2,0.642,Critical
V1007,APP01,1,0,1,0,0,2,0.112,Low
V1008,AUTH01,1,1,1,2,2,1,0.875,Critical
V1009,VPN01,1,0,1,0,0,1,0.157,Low
V1010,DB01,0,1,0,0,0,0,0.66,Low
V1011,BACKUP01,1,1,1,0,0,2,0.26,Low
V1012,VPN01,1,1,0,2,1,2,0.686,Critical
V1013,EMP01,0,0,0,0,0,0,0.379,Low
V1014,BACKUP01,1,1,1,0,1,0,0.067,Low
V1015,APP01,1,1,0,0,1,1,0.165,Low
V1016,WEB01,0,1,0,0,1,1,0.039,Low
V1017,VPN01,0,0,1,0,0,1,0.04,Low
V1018,VPN01,0,2,0,0,0,0,0.378,Low
V1019,DB01,1,1,1,2,2,2,0.779,Critical
V1020,EMP01,0,0,1,0,0,0,0.157,Low
V1021,DB01,0,0,0,1,0,0,0.28,Low
V1022,AUTH01,1,2,1,0,1,0,0.64,Low
V1023,BACKUP01,1,2,0,0,1,0,0.147,Low
V1024,AUTH01,1,2,1,0,2,0,0.15,Low
V1025,APP01,0,1,0,1,2,1,0.875,Critical
V1026,AUTH01,0,1,1,0,2,2,0.948,Critical
V1027,EMP01,1,0,0,2,2,2,0.41,Critical
V1028,AUTH01,0,0,1,2,2,2,0.351,Critical
V1029,BACKUP01,0,0,0,2,2,2,0.695,Critical
V1030,VPN01,0,1,0,2,2,2,0.866,Critical
V1031,VPN01,0,2,1,0,1,0,0.336,Low
V1032,DB01,0,2,1,0,2,0,0.127,Low
V1033,DB01,0,0,1,0,0,0,0.6,Low
V1034,BACKUP01,0,0,0,0,1,0,0.314,Low
V1035,APP01,0,1,1,1,2,2,0.609,Critical
V1036,AUTH01,0,1,0,0,1,0,0.113,Low
V1037,DB01,0,1,0,1,2,1,0.972,Critical
V1038,BACKUP01,0,2,1,2,2,2,0.784,Critical
V1039,WEB01,0,2,0,0,2,2,0.997,Critical
V1040,APP01,0,2,1,0,0,0,0.392,Low
V1041,VPN01,0,0,1,1,1,2,0.928,Critical
V1042,AUTH01,1,2,1,0,1,1,0.054,Low
V1043,WEB01,0,0,0,2,1,2,0.765,Critical
V1044,AUTH01,0,1,1,2,1,2,0.737,Critical
V1045,AUTH01,1,1,0,2,0,0,0.034,Low
V1046,AUTH01,1,2,1,2,2,1,0.999,Critical
V1047,AUTH01,0,1,0,2,2,2,0.397,Critical
V1048,EMP01,1,1,1,0,0,0,0.436,Low
V1049,DB01,1,2,0,1,0,0,0.137,Low
V1050,EMP01,1,0,1,1,0,0,0.418,Low
V1051,APP01,0,2,1,0,0,1,0.145,Low
V1052,EMP01,1,1,0,1,0,0,0.064,Low
V1053,WEB01,1,0,1,2,2,2,0.854,Critical
V1054,WEB01,0,0,1,2,2,2,0.724,Critical
V1055,APP01,0,2,1,1,1,0,0.052,Low
V1056,BACKUP01,1,0,0,2,2,1,0.743,Critical
V1057,EMP01,0,2,0,1,2,2,0.969,Critical
V1058,WEB01,0,0,0,2,2,2,0.863,Critical
V1059,WEB01,1,1,1,1,0,1,0.2,Low
V1060,BACKUP01,0,0,1,2,2,1,0.871,Critical
V1061,VPN01,1,2,1,0,1,0,0.005,Low
V1062,APP01,1,2,1,1,0,0,0.448,Low
V1063,AUTH01,0,1,1,1,0,1,0.153,Low
V1064,BACKUP01,0,1,0,1,0,0,0.28,Low
V1065,EMP01,1,2,0,0,0,0,0.59,Low
V1066,APP01,0,0,1,2,0,2,0.883,Critical
V1067,DB01,1,2,1,0,2,0,0.035,Low
V1068,VPN01,0,1,1,0,0,0,0.768,Low
V1069,EMP01,0,2,0,0,0,0,0.005,Low
V1070,BACKUP01,0,0,1,2,2,2,0.534,Critical
V1071,AUTH01,0,0,1,2,2,2,0.85,Critical
V1072,WEB01,0,0,0,0,2,2,0.821,Critical
V1073,WEB01,1,1,1,2,1,2,0.921,Critical
V1074,VPN01,0,1,0,1,2,2,0.599,Critical
V1075,DB01,0,0,1,2,1,2,0.903,Critical
V1076,AUTH01,0,1,1,0,1,1,0.035,Low
V1077,BACKUP01,1,2,1,0,0,1,0.549,Low
V1078,VPN01,0,1,1,1,2,2,0.68,Critical
V1079,EMP01,0,2,1,0,1,0,0.373,Low
V1080,DB01,1,2,1,2,2,1,0.814,Critical
V1081,DB01,1,0,1,1,2,2,0.972,Critical
V1082,WEB01,1,0,0,2,2,1,0.572,Critical
V1083,WEB01,1,2,0,2,2,2,0.652,Critical
V1084,WEB01,1,0,0,1,0,0,0.224,Low
V1085,AUTH01,0,0,0,0,1,0,0.302,Low
V1086,AUTH01,1,2,1,0,0,0,0.351,Low
V1087,VPN01,1,2,0,0,0,1,0.375,Low
V1088,BACKUP01,1,0,0,2,2,2,0.826,Critical
V1089,AUTH01,1,2,1,0,0,0,0.687,Low
V1090,WEB01,1,0,1,2,0,0,0.045,Low
V1091,WEB01,0,1,1,0,1,1,0.003,Low
V1092,EMP01,1,0,1,0,1,0,0.0,Low
V1093,EMP01,0,0,0,2,1,2,0.718,Critical
V1094,AUTH01,1,0,1,2,2,2,0.692,Critical
V1095,BACKUP01,0,1,0,2,2,1,0.583,Critical
V1096,AUTH01,0,1,0,0,2,2,0.845,Critical
V1097,WEB01,0,2,0,2,2,0,0.952,Critical
V1098,DB01,0,1,0,1,2,2,0.927,Critical
V1099,VPN01,0,0,0,2,1,2,0.647,Critical
V1100,APP01,1,0,0,1,2,2,0.862,Critical
V1101,AUTH01,1,0,1,1,2,2,0.756,Critical
V1102,VPN01,1,0,1,2,1,2,0.908,Critical
V1103,EMP01,1,0,1,2,1,2,0.786,Critical
V1104,WEB01,1,1,1,2,2,1,0.819,Critical
V1105,EMP01,1,2,1,1,2,2,0.9,Critical
V1106,WEB01,1,1,1,2,2,1,0.799,Critical
V1107,BACKUP01,0,2,1,2,2,2,0.895,Critical
V1108,AUTH01,1,0,1,2,2,1,0.761,Critical
V1109,WEB01,0,1,1,2,2,1,0.757,Critical
V1110,AUTH01,0,0,1,2,2,2,0.608,Critical
V1111,APP01,0,0,1,2,2,1,0.863,Critical
V1112,APP01,0,0,1,2,2,2,0.709,Critical
V1113,EMP01,1,0,0,2,1,2,0.93,Critical
V1114,WEB01,1,0,1,2,2,1,0.793,Critical
V1115,WEB01,1,0,0,2,2,2,0.434,Critical
V1116,DB01,0,2,0,1,2,2,0.876,Critical
V1117,APP01,0,0,0,2,1,1,0.813,Critical
V1118,AUTH01,0,1,0,2,2,2,0.871,Critical
V1119,BACKUP01,0,0,0,2,2,2,0.417,Critical
V1120,APP01,1,0,1,2,0,2,0.994,Critical
V1121,APP01,0,0,0,2,1,2,0.514,Critical
V1122,BACKUP01,0,1,0,2,2,2,0.31,Critical
V1123,WEB01,1,0,1,1,2,2,0.7,Critical
V1124,BACKUP01,0,1,1,2,1,2,0.998,Critical
V1125,WEB01,0,0,1,2,2,1,0.923,Critical
V1126,BACKUP01,1,2,1,1,2,2,0.837,Critical
V1127,EMP01,1,2,1,2,1,2,0.983,Critical
V1128,DB01,0,1,1,2,2,2,0.751,Critical
V1129,APP01,1,0,0,1,2,2,0.643,Critical
V1130,AUTH01,0,1,0,2,2,2,0.518,Critical
V1131,WEB01,0,0,1,2,2,0,0.941,Critical
V1132,VPN01,0,0,1,2,2,1,0.99,Critical
V1133,APP01,0,0,1,1,1,2,0.877,Critical
V1134,AUTH01,1,0,0,2,1,1,0.986,Critical
V1135,BACKUP01,0,1,0,2,2,1,0.531,Critical
V1136,DB01,0,0,0,2,1,2,0.62,Critical
V1137,APP01,0,2,0,0,2,2,0.994,Critical
V1138,DB01,0,1,1,2,2,0,0.915,Critical
V1139,BACKUP01,1,2,0,1,2,2,0.911,Critical
V1140,EMP01,1,2,0,2,2,2,0.654,Critical
V1141,AUTH01,1,1,0,1,2,1,0.979,Critical
V1142,AUTH01,0,2,1,2,2,2,0.648,Critical
V1143,DB01,1,1,0,2,2,2,0.919,Critical
V1144,EMP01,0,0,0,2,2,1,0.905,Critical
V1145,DB01,1,0,0,2,2,1,0.729,Critical
V1146,APP01,0,0,1,1,2,1,0.953,Critical
V1147,BACKUP01,0,2,0,1,2,2,0.883,Critical
V1148,BACKUP01,0,0,0,1,2,1,0.849,Critical
V1149,BACKUP01,0,2,0,2,2,1,0.732,Critical
V1150,AUTH01,0,1,0,2,2,0,0.84,Critical
V1151,EMP01,0,0,0,2,2,1,0.608,Critical
V1152,WEB01,0,2,1,2,1,2,0.99,Critical
V1153,BACKUP01,0,1,1,2,2,2,0.994,Critical
V1154,VPN01,1,0,0,1,1,2,0.871,Critical
V1155,WEB01,1,0,0,2,1,2,0.66,Critical
V1156,WEB01,0,0,0,1,1,2,0.867,Critical
V1157,WEB01,0,2,1,2,2,2,0.736,Critical
V1158,DB01,0,0,1,1,1,2,0.99,Critical
V1159,WEB01,0,1,0,2,2,2,0.422,Critical
V1160,VPN01,1,2,1,2,2,1,0.784,Critical
V1161,BACKUP01,0,1,1,1,2,2,0.992,Critical
V1162,AUTH01,0,0,1,2,2,1,0.893,Critical
V1163,EMP01,0,0,0,1,2,2,0.49,Critical
V1164,WEB01,1,2,0,2,2,2,0.905,Critical
V1165,APP01,1,1,1,2,2,1,0.875,Critical
V1166,AUTH01,1,0,0,2,1,2,0.951,Critical
V1167,AUTH01,1,0,1,1,2,2,0.738,Critical
V1168,BACKUP01,0,0,0,1,2,2,0.909,Critical
V1169,BACKUP01,0,0,1,2,1,2,0.979,Critical
V1170,BACKUP01,0,1,1,2,2,1,0.815,Critical
V1171,APP01,0,0,0,2,2,2,0.43,Critical
V1172,DB01,1,2,0,2,2,1,0.852,Critical
V1173,AUTH01,0,0,0,1,2,2,0.836,Critical
V1174,BACKUP01,0,0,1,1,2,1,0.9,Critical
V1175,APP01,1,0,0,2,2,1,0.832,Critical
V1176,BACKUP01,1,0,1,2,2,2,0.336,Critical
V1177,BACKUP01,0,0,1,2,0,2,0.918,Critical
V1178,AUTH01,1,1,1,2,1,2,0.926,Critical
V1179,APP01,1,0,1,2,1,2,0.929,Critical
V1180,AUTH01,1,2,0,2,1,2,0.697,Critical
V1181,EMP01,1,0,1,1,2,2,0.741,Critical
V1182,EMP01,0,0,0,2,1,2,0.657,Critical
V1183,EMP01,1,1,1,2,2,2,0.853,Critical
V1184,BACKUP01,1,1,1,2,2,1,0.968,Critical
V1185,DB01,0,1,1,2,1,2,0.779,Critical
V1186,BACKUP01,0,0,0,2,2,1,0.774,Critical
V1187,WEB01,1,1,0,2,0,2,0.986,Critical
V1188,EMP01,1,0,0,1,2,2,0.72,Critical
V1189,AUTH01,0,0,0,2,1,2,0.651,Critical
V1190,AUTH01,1,0,0,2,2,2,0.35,Critical
V1191,AUTH01,0,1,1,2,2,2,0.358,Critical
V1192,WEB01,1,2,0,2,2,2,0.493,Critical
V1193,WEB01,1,0,0,1,1,2,0.889,Critical
V1194,APP01,0,1,0,2,2,1,0.871,Critical
V1195,BACKUP01,0,0,1,1,1,2,0.869,Critical
V1196,AUTH01,1,0,0,2,1,2,0.643,Critical
V1197,APP01,1,2,0,1,2,2,0.961,Critical
V1198,VPN01,1,1,1,2,1,2,0.893,Critical
V1199,WEB01,1,1,1,2,2,2,0.861,Critical
V1200,AUTH01,0,1,0,2,0,2,0.954,Critical
