vuln_id,system_id,actual_risk,predicted_risk
V1136,DB01,Critical,Critical
V0981,APP01,Low,Low
V0091,EMP01,Medium,Medium
V0085,AUTH01,High,High
V0400,VPN01,Medium,Medium
V1081,DB01,Critical,Critical
V0430,DB01,High,Critical
V0651,AUTH01,High,High
V0976,AUTH01,Critical,Critical
V0814,VPN01,Low,Low
V0649,DB01,High,Critical
V0026,DB01,Medium,Medium
V0335,VPN01,High,High
V0600,AUTH01,High,High
V1042,AUTH01,Low,Low
V0881,EMP01,Low,Low
V0802,AUTH01,Low,Low
V0618,WEB01,Low,Low
V1171,APP01,Critical,Critical
V0855,APP01,Critical,Critical
V0033,DB01,Medium,Medium
V0316,EMP01,Medium,Medium
V0535,DB01,Medium,Medium
V0849,WEB01,Low,Low
V1050,EMP01,Low,Low
V0317,WEB01,Medium,Low
V0158,VPN01,High,Critical
V0613,VPN01,Critical,Critical
V1174,BACKUP01,Critical,Critical
V0948,WEB01,Low,Low
V1188,EMP01,Critical,Critical
V1082,WEB01,Critical,Critical
V1153,BACKUP01,Critical,Critical
V0856,EMP01,Critical,Critical
V0521,WEB01,Medium,Medium
V0678,APP01,Critical,Critical
V0460,APP01,Critical,Critical
V0964,AUTH01,Critical,Critical
V0387,DB01,High,High
V1031,VPN01,Low,Low
V0394,DB01,High,High
V0489,AUTH01,Medium,Low
V0689,BACKUP01,Medium,Low
V0125,DB01,Low,Low
V0436,EMP01,Medium,High
V0259,WEB01,Medium,Medium
V0526,EMP01,Medium,Medium
V0944,AUTH01,Critical,Critical
V0442,EMP01,Medium,Low
V0233,BACKUP01,Medium,High
V0711,AUTH01,High,Critical
V0121,EMP01,High,High
V0149,VPN01,Medium,Medium
V0808,EMP01,Critical,Critical
V0576,DB01,High,Critical
V0793,VPN01,Low,Low
V0781,BACKUP01,Low,Medium
V0302,VPN01,High,High
V1088,BACKUP01,Critical,Critical
V0836,BACKUP01,Critical,Critical
V0128,DB01,High,Critical
V0471,DB01,Low,Low
V0431,APP01,Medium,Low
V0633,WEB01,Medium,Medium
V0214,VPN01,Medium,High
V0329,BACKUP01,Medium,Medium
V0018,DB01,Medium,High
V1027,EMP01,Critical,Critical
V0476,BACKUP01,High,High
V0446,BACKUP01,Low,Low
V0993,WEB01,Critical,Critical
V0724,DB01,High,High
V0338,APP01,Medium,Low
V0086,BACKUP01,Medium,Medium
V0468,EMP01,High,High
V1061,VPN01,Low,Low
V1115,WEB01,Critical,Critical
V0420,DB01,Medium,Low
V0426,APP01,High,High
V0452,AUTH01,High,Medium
V0804,EMP01,Low,Low
V1055,APP01,Low,Low
V0346,DB01,High,High
V0011,EMP01,High,High
V0247,WEB01,Medium,Medium
V0031,WEB01,Critical,Critical
V0757,DB01,Critical,Critical
V0572,DB01,High,High
V0399,WEB01,High,Critical
V1054,WEB01,Critical,Critical
V0017,BACKUP01,Medium,Low
V0147,VPN01,Medium,High
V0333,AUTH01,High,High
V0886,BACKUP01,Low,Low
V0701,AUTH01,Medium,Low
V0343,APP01,Medium,Medium
V0571,WEB01,Medium,Medium
V0110,AUTH01,High,High
V0143,BACKUP01,High,High
V0428,APP01,High,High
V0088,WEB01,Medium,Medium
V0406,WEB01,High,High
V1142,AUTH01,Critical,Critical
V0238,AUTH01,High,High
V0477,VPN01,High,High
V0963,EMP01,Low,Low
V0298,AUTH01,High,Medium
V0674,WEB01,Medium,High
V0007,AUTH01,High,High
V0377,DB01,High,High
V0687,APP01,Critical,Critical
V0744,VPN01,Critical,Critical
V0893,DB01,Critical,Critical
V0375,EMP01,Medium,Medium
V0780,WEB01,Low,Low
V0043,WEB01,High,High
V0161,DB01,Medium,Low
V0256,APP01,High,High
V0290,APP01,Critical,Critical
V0273,DB01,Medium,High
V0748,VPN01,Critical,Critical
V0664,WEB01,High,High
V0936,APP01,Low,Low
V0634,VPN01,Medium,Medium
V0895,AUTH01,Low,Low
V0368,BACKUP01,Low,Low
V0822,AUTH01,Low,Low
V0729,BACKUP01,Critical,Critical
V0955,BACKUP01,Low,Low
V0728,AUTH01,High,Critical
V1144,EMP01,Critical,Critical
V0235,DB01,High,High
V0310,WEB01,Medium,High
V0594,VPN01,Medium,Low
V1079,EMP01,Low,Low
V0930,WEB01,Low,Low
V0049,BACKUP01,Medium,Medium
V0144,WEB01,High,Medium
V1028,AUTH01,Critical,Critical
V0909,VPN01,Critical,High
V0294,VPN01,Low,Low
V1177,BACKUP01,Critical,Critical
V0369,WEB01,Medium,Medium
V0528,AUTH01,Medium,High
V1121,APP01,Critical,Critical
V1195,BACKUP01,Critical,Critical
V1118,AUTH01,Critical,Critical
V0819,BACKUP01,Low,Low
V0109,EMP01,Medium,Low
V0584,VPN01,Medium,Medium
V0974,BACKUP01,Critical,Critical
V0390,DB01,High,High
V0015,DB01,Medium,High
V0896,BACKUP01,Low,Low
V0841,AUTH01,Low,Low
V0056,EMP01,High,High
V0037,AUTH01,Low,Low
V0718,WEB01,High,High
V1080,DB01,Critical,Critical
V0120,APP01,High,High
V0705,APP01,Critical,High
V0908,BACKUP01,Low,Medium
V0240,EMP01,High,Medium
V0494,VPN01,Medium,Medium
V0275,WEB01,Medium,Medium
V1158,DB01,Critical,Critical
V0186,VPN01,Critical,High
V0005,WEB01,Medium,Medium
V0288,AUTH01,Medium,Medium
V0582,BACKUP01,Medium,Medium
V0297,DB01,Critical,Critical
V0146,AUTH01,High,Critical
V0349,VPN01,Medium,High
V0433,VPN01,High,High
V1083,WEB01,Critical,Critical
V1199,WEB01,Critical,Critical
V0092,WEB01,High,High
V1102,VPN01,Critical,Critical
V1067,DB01,Low,Low
V0100,WEB01,High,High
V0435,DB01,High,High
V0138,WEB01,Low,Low
V0901,VPN01,Critical,Critical
V0004,VPN01,Low,Low
V1068,VPN01,Low,Low
V0953,AUTH01,Low,Low
V0695,APP01,Medium,Medium
V1007,APP01,Low,Low
V0328,VPN01,Medium,High
V0671,VPN01,Low,Low
V0379,WEB01,Medium,High
V0823,AUTH01,Low,Low
V0036,WEB01,High,Critical
V0064,WEB01,Medium,Medium
V1048,EMP01,Low,Low
V0388,EMP01,High,Critical
V0152,WEB01,Medium,Medium
V0940,AUTH01,Low,Low
V0910,APP01,Low,Low
V1087,VPN01,Low,Low
V0040,BACKUP01,High,Critical
V0867,VPN01,Low,Low
V0892,VPN01,Critical,Critical
V0095,AUTH01,High,Critical
V1106,WEB01,Critical,Critical
V0074,APP01,Medium,Medium
V0882,BACKUP01,Critical,Critical
V0023,DB01,High,High
V1043,WEB01,Critical,Critical
V0667,EMP01,High,Critical
V0352,AUTH01,Low,Low
V1003,EMP01,Critical,Critical
V0510,AUTH01,Medium,Low
V0843,EMP01,Low,Low
V0743,AUTH01,High,Critical
V0174,BACKUP01,Low,Low
V0641,VPN01,Low,Low
V0761,DB01,Low,Low
V0906,VPN01,Low,Low
V0244,APP01,Medium,High
V0066,BACKUP01,Critical,Critical
V0967,BACKUP01,Critical,Critical
V1152,WEB01,Critical,Critical
V1038,BACKUP01,Critical,Critical
V0817,DB01,Low,Low
V0177,AUTH01,Medium,Low
V0481,WEB01,Medium,Medium
V0861,VPN01,Critical,Critical
V0581,WEB01,High,High
V0825,WEB01,Low,Low
V0059,EMP01,High,High
V0176,APP01,Low,Low
V0165,AUTH01,Low,Low
V1001,APP01,Critical,Critical
V0568,APP01,High,High
V0852,DB01,Low,Low
V0723,VPN01,High,Critical
V0739,VPN01,Low,Low
V0933,DB01,Low,Low
V1200,AUTH01,Critical,Critical
