vuln_id,system_id,cluster_id
V0001,APP01,3
V0002,DB01,3
V0003,AUTH01,3
V0004,VPN01,0
V0005,WEB01,0
V0006,APP01,3
V0007,AUTH01,3
V0008,VPN01,0
V0009,BACKUP01,1
V0010,AUTH01,3
V0011,EMP01,1
V0012,DB01,2
V0013,WEB01,2
V0014,VPN01,2
V0015,DB01,1
V0016,APP01,2
V0017,BACKUP01,0
V0018,DB01,1
V0019,WEB01,0
V0020,APP01,3
V0021,APP01,2
V0022,WEB01,1
V0023,DB01,2
V0024,VPN01,3
V0025,DB01,0
V0026,DB01,1
V0027,WEB01,1
V0028,WEB01,2
V0029,DB01,1
V0030,AUTH01,3
V0031,WEB01,2
V0032,BACKUP01,2
V0033,DB01,1
V0034,BACKUP01,0
V0035,APP01,0
V0036,WEB01,3
V0037,AUTH01,0
V0038,BACKUP01,1
V0039,VPN01,1
V0040,BACKUP01,2
V0041,WEB01,0
V0042,WEB01,3
V0043,WEB01,0
V0044,EMP01,2
V0045,VPN01,2
V0046,APP01,0
V0047,DB01,1
V0048,DB01,2
V0049,BACKUP01,0
V0050,BACKUP01,0
V0051,DB01,0
V0052,BACKUP01,0
V0053,DB01,3
V0054,DB01,0
V0055,AUTH01,3
V0056,EMP01,2
V0057,DB01,1
V0058,EMP01,0
V0059,EMP01,2
V0060,WEB01,0
V0061,VPN01,0
V0062,VPN01,2
V0063,APP01,1
V0064,WEB01,1
V0065,AUTH01,1
V0066,BACKUP01,2
V0067,DB01,3
V0068,BACKUP01,1
V0069,VPN01,1
V0070,AUTH01,0
V0071,DB01,0
V0072,AUTH01,3
V0073,DB01,0
V0074,APP01,0
V0075,EMP01,1
V0076,WEB01,2
V0077,BACKUP01,2
V0078,WEB01,0
V0079,EMP01,0
V0080,VPN01,3
V0081,VPN01,1
V0082,EMP01,0
V0083,VPN01,1
V0084,BACKUP01,0
V0085,AUTH01,2
V0086,BACKUP01,0
V0087,WEB01,0
V0088,WEB01,1
V0089,WEB01,0
V0090,WEB01,3
V0091,EMP01,1
V0092,WEB01,3
V0093,DB01,0
V0094,WEB01,1
V0095,AUTH01,3
V0096,BACKUP01,2
V0097,WEB01,1
V0098,EMP01,3
V0099,WEB01,1
V0100,WEB01,3
V0101,AUTH01,2
V0102,VPN01,2
V0103,VPN01,3
V0104,EMP01,3
V0105,WEB01,2
V0106,AUTH01,0
V0107,DB01,2
V0108,WEB01,1
V0109,EMP01,0
V0110,AUTH01,3
V0111,BACKUP01,0
V0112,BACKUP01,1
V0113,AUTH01,0
V0114,DB01,0
V0115,WEB01,1
V0116,DB01,2
V0117,VPN01,0
V0118,AUTH01,3
V0119,EMP01,1
V0120,APP01,3
V0121,EMP01,3
V0122,WEB01,2
V0123,APP01,0
V0124,AUTH01,0
V0125,DB01,1
V0126,EMP01,3
V0127,BACKUP01,3
V0128,DB01,2
V0129,EMP01,0
V0130,AUTH01,1
V0131,APP01,0
V0132,AUTH01,3
V0133,EMP01,0
V0134,DB01,3
V0135,WEB01,2
V0136,VPN01,3
V0137,BACKUP01,0
V0138,WEB01,0
V0139,APP01,3
V0140,VPN01,1
V0141,BACKUP01,0
V0142,EMP01,2
V0143,BACKUP01,3
V0144,WEB01,1
V0145,EMP01,3
V0146,AUTH01,2
V0147,VPN01,1
V0148,AUTH01,2
V0149,VPN01,1
V0150,EMP01,3
V0151,WEB01,0
V0152,WEB01,0
V0153,BACKUP01,3
V0154,BACKUP01,1
V0155,APP01,3
V0156,APP01,1
V0157,APP01,0
V0158,VPN01,3
V0159,VPN01,2
V0160,EMP01,1
V0161,DB01,1
V0162,WEB01,0
V0163,EMP01,1
V0164,APP01,2
V0165,AUTH01,0
V0166,VPN01,0
V0167,APP01,3
V0168,EMP01,2
V0169,BACKUP01,0
V0170,WEB01,0
V0171,EMP01,1
V0172,EMP01,0
V0173,BACKUP01,0
V0174,BACKUP01,1
V0175,APP01,3
V0176,APP01,1
V0177,AUTH01,1
V0178,EMP01,2
V0179,DB01,0
V0180,VPN01,3
V0181,AUTH01,3
V0182,VPN01,1
V0183,AUTH01,1
V0184,EMP01,1
V0185,VPN01,1
V0186,VPN01,3
V0187,WEB01,0
V0188,WEB01,3
V0189,APP01,2
V0190,BACKUP01,2
V0191,AUTH01,3
V0192,DB01,3
V0193,VPN01,3
V0194,WEB01,2
V0195,EMP01,3
V0196,AUTH01,3
V0197,AUTH01,1
V0198,EMP01,0
V0199,EMP01,1
V0200,APP01,0
V0201,WEB01,0
V0202,WEB01,3
V0203,WEB01,2
V0204,WEB01,1
V0205,DB01,0
V0206,APP01,1
V0207,DB01,2
V0208,DB01,0
V0209,AUTH01,0
V0210,AUTH01,1
V0211,DB01,3
V0212,APP01,1
V0213,APP01,2
V0214,VPN01,1
V0215,APP01,2
V0216,APP01,1
V0217,WEB01,0
V0218,APP01,2
V0219,DB01,1
V0220,AUTH01,2
V0221,APP01,2
V0222,WEB01,2
V0223,VPN01,1
V0224,BACKUP01,1
V0225,WEB01,1
V0226,APP01,3
V0227,DB01,3
V0228,EMP01,3
V0229,BACKUP01,3
V0230,BACKUP01,3
V0231,APP01,2
V0232,EMP01,0
V0233,BACKUP01,1
V0234,WEB01,0
V0235,DB01,2
V0236,BACKUP01,3
V0237,VPN01,0
V0238,AUTH01,3
V0239,AUTH01,2
V0240,EMP01,3
V0241,BACKUP01,2
V0242,DB01,3
V0243,AUTH01,1
V0244,APP01,1
V0245,VPN01,1
V0246,DB01,1
V0247,WEB01,0
V0248,BACKUP01,1
V0249,APP01,3
V0250,APP01,2
V0251,WEB01,2
V0252,WEB01,1
V0253,APP01,0
V0254,DB01,3
V0255,DB01,1
V0256,APP01,2
V0257,VPN01,0
V0258,DB01,0
V0259,WEB01,1
V0260,DB01,1
V0261,APP01,3
V0262,AUTH01,1
V0263,AUTH01,1
V0264,AUTH01,2
V0265,APP01,1
V0266,APP01,3
V0267,DB01,1
V0268,WEB01,1
V0269,APP01,0
V0270,AUTH01,1
V0271,DB01,0
V0272,BACKUP01,0
V0273,DB01,3
V0274,EMP01,0
V0275,WEB01,0
V0276,BACKUP01,0
V0277,BACKUP01,0
V0278,BACKUP01,0
V0279,APP01,0
V0280,VPN01,3
V0281,WEB01,0
V0282,BACKUP01,3
V0283,DB01,2
V0284,APP01,0
V0285,VPN01,0
V0286,BACKUP01,3
V0287,AUTH01,2
V0288,AUTH01,1
V0289,BACKUP01,0
V0290,APP01,3
V0291,EMP01,0
V0292,EMP01,0
V0293,AUTH01,3
V0294,VPN01,1
V0295,DB01,1
V0296,DB01,0
V0297,DB01,2
V0298,AUTH01,3
V0299,DB01,3
V0300,AUTH01,0
V0301,DB01,0
V0302,VPN01,2
V0303,WEB01,3
V0304,APP01,2
V0305,APP01,0
V0306,WEB01,3
V0307,AUTH01,1
V0308,BACKUP01,1
V0309,AUTH01,1
V0310,WEB01,1
V0311,EMP01,3
V0312,BACKUP01,0
V0313,EMP01,1
V0314,BACKUP01,3
V0315,AUTH01,3
V0316,EMP01,1
V0317,WEB01,1
V0318,VPN01,2
V0319,APP01,0
V0320,BACKUP01,2
V0321,APP01,1
V0322,VPN01,3
V0323,EMP01,3
V0324,APP01,0
V0325,AUTH01,1
V0326,EMP01,0
V0327,DB01,3
V0328,VPN01,0
V0329,BACKUP01,0
V0330,APP01,0
V0331,APP01,3
V0332,EMP01,2
V0333,AUTH01,2
V0334,BACKUP01,3
V0335,VPN01,3
V0336,WEB01,2
V0337,VPN01,0
V0338,APP01,1
V0339,DB01,2
V0340,APP01,2
V0341,APP01,2
V0342,DB01,2
V0343,APP01,0
V0344,APP01,2
V0345,EMP01,0
V0346,DB01,2
V0347,VPN01,3
V0348,DB01,3
V0349,VPN01,1
V0350,DB01,1
V0351,EMP01,2
V0352,AUTH01,1
V0353,EMP01,3
V0354,WEB01,2
V0355,DB01,0
V0356,BACKUP01,3
V0357,AUTH01,1
V0358,VPN01,0
V0359,DB01,3
V0360,BACKUP01,0
V0361,WEB01,3
V0362,APP01,1
V0363,DB01,2
V0364,AUTH01,3
V0365,AUTH01,3
V0366,VPN01,0
V0367,EMP01,2
V0368,BACKUP01,0
V0369,WEB01,0
V0370,APP01,3
V0371,BACKUP01,0
V0372,DB01,0
V0373,WEB01,2
V0374,DB01,3
V0375,EMP01,0
V0376,DB01,3
V0377,DB01,3
V0378,DB01,3
V0379,WEB01,0
V0380,BACKUP01,0
V0381,DB01,3
V0382,EMP01,1
V0383,AUTH01,1
V0384,AUTH01,0
V0385,AUTH01,1
V0386,DB01,2
V0387,DB01,3
V0388,EMP01,2
V0389,WEB01,1
V0390,DB01,2
V0391,EMP01,2
V0392,APP01,0
V0393,WEB01,0
V0394,DB01,3
V0395,AUTH01,2
V0396,APP01,0
V0397,EMP01,2
V0398,WEB01,3
V0399,WEB01,3
V0400,VPN01,1
V0401,EMP01,2
V0402,VPN01,1
V0403,DB01,1
V0404,DB01,1
V0405,BACKUP01,2
V0406,WEB01,3
V0407,BACKUP01,3
V0408,APP01,0
V0409,EMP01,3
V0410,BACKUP01,1
V0411,AUTH01,0
V0412,VPN01,2
V0413,AUTH01,0
V0414,BACKUP01,2
V0415,AUTH01,2
V0416,AUTH01,3
V0417,BACKUP01,2
V0418,VPN01,0
V0419,AUTH01,2
V0420,DB01,0
V0421,BACKUP01,2
V0422,APP01,0
V0423,WEB01,3
V0424,VPN01,1
V0425,EMP01,1
V0426,APP01,3
V0427,VPN01,2
V0428,APP01,2
V0429,VPN01,0
V0430,DB01,3
V0431,APP01,1
V0432,AUTH01,0
V0433,VPN01,3
V0434,WEB01,3
V0435,DB01,2
V0436,EMP01,1
V0437,EMP01,1
V0438,VPN01,3
V0439,AUTH01,0
V0440,DB01,0
V0441,EMP01,1
V0442,EMP01,1
V0443,AUTH01,2
V0444,APP01,2
V0445,DB01,1
V0446,BACKUP01,1
V0447,VPN01,0
V0448,AUTH01,2
V0449,AUTH01,2
V0450,APP01,0
V0451,APP01,3
V0452,AUTH01,2
V0453,BACKUP01,2
V0454,DB01,3
V0455,BACKUP01,3
V0456,BACKUP01,0
V0457,APP01,0
V0458,WEB01,0
V0459,WEB01,1
V0460,APP01,3
V0461,BACKUP01,0
V0462,APP01,3
V0463,VPN01,0
V0464,AUTH01,1
V0465,WEB01,2
V0466,AUTH01,0
V0467,AUTH01,1
V0468,EMP01,3
V0469,WEB01,1
V0470,EMP01,1
V0471,DB01,1
V0472,APP01,0
V0473,AUTH01,2
V0474,DB01,0
V0475,WEB01,2
V0476,BACKUP01,3
V0477,VPN01,3
V0478,WEB01,1
V0479,VPN01,3
V0480,AUTH01,0
V0481,WEB01,0
V0482,AUTH01,2
V0483,WEB01,0
V0484,AUTH01,2
V0485,EMP01,3
V0486,APP01,2
V0487,AUTH01,0
V0488,EMP01,1
V0489,AUTH01,1
V0490,APP01,1
V0491,EMP01,0
V0492,BACKUP01,1
V0493,EMP01,1
V0494,VPN01,0
V0495,EMP01,3
V0496,AUTH01,0
V0497,VPN01,3
V0498,VPN01,2
V0499,APP01,0
V0500,AUTH01,0
V0501,APP01,3
V0502,DB01,1
V0503,WEB01,3
V0504,DB01,1
V0505,VPN01,3
V0506,WEB01,1
V0507,WEB01,2
V0508,APP01,0
V0509,APP01,1
V0510,AUTH01,1
V0511,BACKUP01,0
V0512,VPN01,1
V0513,AUTH01,0
V0514,WEB01,3
V0515,WEB01,1
V0516,WEB01,2
V0517,AUTH01,1
V0518,VPN01,0
V0519,WEB01,0
V0520,VPN01,1
V0521,WEB01,1
V0522,DB01,2
V0523,VPN01,1
V0524,VPN01,2
V0525,AUTH01,0
V0526,EMP01,1
V0527,AUTH01,0
V0528,AUTH01,0
V0529,BACKUP01,0
V0530,WEB01,0
V0531,WEB01,0
V0532,AUTH01,1
V0533,VPN01,0
V0534,DB01,1
V0535,DB01,0
V0536,EMP01,2
V0537,AUTH01,0
V0538,BACKUP01,1
V0539,BACKUP01,3
V0540,EMP01,2
V0541,BACKUP01,3
V0542,EMP01,1
V0543,EMP01,0
V0544,WEB01,0
V0545,APP01,3
V0546,VPN01,3
V0547,VPN01,2
V0548,APP01,0
V0549,DB01,2
V0550,VPN01,1
V0551,BACKUP01,1
V0552,WEB01,3
V0553,EMP01,3
V0554,AUTH01,1
V0555,EMP01,3
V0556,WEB01,3
V0557,EMP01,0
V0558,EMP01,1
V0559,AUTH01,1
V0560,VPN01,0
V0561,AUTH01,2
V0562,BACKUP01,2
V0563,VPN01,3
V0564,DB01,1
V0565,VPN01,1
V0566,AUTH01,2
V0567,APP01,1
V0568,APP01,3
V0569,DB01,0
V0570,VPN01,1
V0571,WEB01,0
V0572,DB01,2
V0573,BACKUP01,2
V0574,DB01,1
V0575,APP01,0
V0576,DB01,2
V0577,VPN01,1
V0578,BACKUP01,2
V0579,WEB01,1
V0580,EMP01,3
V0581,WEB01,3
V0582,BACKUP01,0
V0583,EMP01,2
V0584,VPN01,1
V0585,DB01,1
V0586,VPN01,1
V0587,DB01,2
V0588,AUTH01,1
V0589,WEB01,3
V0590,DB01,2
V0591,DB01,0
V0592,AUTH01,3
V0593,DB01,3
V0594,VPN01,0
V0595,DB01,0
V0596,DB01,1
V0597,AUTH01,0
V0598,VPN01,1
V0599,APP01,2
V0600,AUTH01,3
V0601,VPN01,1
V0602,APP01,0
V0603,DB01,1
V0604,VPN01,3
V0605,APP01,2
V0606,DB01,0
V0607,EMP01,0
V0608,APP01,1
V0609,BACKUP01,2
V0610,DB01,1
V0611,BACKUP01,0
V0612,DB01,0
V0613,VPN01,2
V0614,BACKUP01,1
V0615,WEB01,2
V0616,APP01,3
V0617,EMP01,0
V0618,WEB01,1
V0619,DB01,0
V0620,BACKUP01,3
V0621,DB01,3
V0622,AUTH01,3
V0623,VPN01,0
V0624,AUTH01,0
V0625,APP01,1
V0626,VPN01,0
V0627,EMP01,0
V0628,BACKUP01,2
V0629,WEB01,2
V0630,DB01,0
V0631,EMP01,1
V0632,VPN01,1
V0633,WEB01,0
V0634,VPN01,0
V0635,BACKUP01,3
V0636,AUTH01,3
V0637,DB01,1
V0638,WEB01,1
V0639,BACKUP01,0
V0640,VPN01,0
V0641,VPN01,0
V0642,BACKUP01,0
V0643,EMP01,2
V0644,BACKUP01,1
V0645,AUTH01,3
V0646,EMP01,3
V0647,BACKUP01,2
V0648,VPN01,1
V0649,DB01,2
V0650,EMP01,0
V0651,AUTH01,2
V0652,VPN01,3
V0653,BACKUP01,1
V0654,APP01,2
V0655,VPN01,1
V0656,APP01,3
V0657,EMP01,2
V0658,BACKUP01,2
V0659,BACKUP01,1
V0660,EMP01,0
V0661,BACKUP01,0
V0662,EMP01,3
V0663,DB01,0
V0664,WEB01,0
V0665,WEB01,2
V0666,VPN01,3
V0667,EMP01,3
V0668,WEB01,0
V0669,APP01,1
V0670,EMP01,3
V0671,VPN01,1
V0672,VPN01,2
V0673,WEB01,0
V0674,WEB01,0
V0675,BACKUP01,2
V0676,AUTH01,2
V0677,APP01,2
V0678,APP01,3
V0679,BACKUP01,3
V0680,APP01,1
V0681,AUTH01,1
V0682,APP01,2
V0683,VPN01,2
V0684,AUTH01,3
V0685,APP01,1
V0686,AUTH01,3
V0687,APP01,3
V0688,VPN01,1
V0689,BACKUP01,0
V0690,DB01,2
V0691,WEB01,1
V0692,EMP01,2
V0693,DB01,0
V0694,AUTH01,0
V0695,APP01,0
V0696,AUTH01,3
V0697,VPN01,1
V0698,AUTH01,0
V0699,AUTH01,0
V0700,BACKUP01,1
V0701,AUTH01,0
V0702,WEB01,2
V0703,EMP01,3
V0704,WEB01,3
V0705,APP01,3
V0706,AUTH01,1
V0707,AUTH01,3
V0708,BACKUP01,3
V0709,EMP01,0
V0710,EMP01,3
V0711,AUTH01,3
V0712,EMP01,2
V0713,WEB01,0
V0714,AUTH01,2
V0715,AUTH01,2
V0716,WEB01,1
V0717,VPN01,2
V0718,WEB01,3
V0719,VPN01,2
V0720,AUTH01,0
V0721,APP01,0
V0722,AUTH01,1
V0723,VPN01,2
V0724,DB01,2
V0725,WEB01,0
V0726,APP01,3
V0727,APP01,1
V0728,AUTH01,3
V0729,BACKUP01,2
V0730,WEB01,2
V0731,WEB01,3
V0732,WEB01,3
V0733,VPN01,2
V0734,DB01,3
V0735,BACKUP01,3
V0736,WEB01,3
V0737,EMP01,2
V0738,VPN01,3
V0739,VPN01,1
V0740,AUTH01,3
V0741,APP01,1
V0742,BACKUP01,1
V0743,AUTH01,3
V0744,VPN01,2
V0745,APP01,2
V0746,VPN01,3
V0747,VPN01,2
V0748,VPN01,3
V0749,EMP01,1
V0750,VPN01,2
V0751,WEB01,2
V0752,VPN01,0
V0753,EMP01,1
V0754,AUTH01,1
V0755,BACKUP01,1
V0756,DB01,3
V0757,DB01,2
V0758,DB01,1
V0759,DB01,1
V0760,BACKUP01,0
V0761,DB01,0
V0762,AUTH01,1
V0763,APP01,1
V0764,WEB01,0
V0765,BACKUP01,0
V0766,BACKUP01,0
V0767,BACKUP01,2
V0768,BACKUP01,3
V0769,WEB01,3
V0770,BACKUP01,1
V0771,AUTH01,1
V0772,AUTH01,0
V0773,EMP01,1
V0774,WEB01,0
V0775,VPN01,2
V0776,APP01,0
V0777,AUTH01,1
V0778,DB01,0
V0779,DB01,1
V0780,WEB01,1
V0781,BACKUP01,0
V0782,VPN01,3
V0783,AUTH01,3
V0784,VPN01,1
V0785,WEB01,0
V0786,EMP01,0
V0787,BACKUP01,1
V0788,VPN01,2
V0789,VPN01,0
V0790,WEB01,1
V0791,VPN01,3
V0792,DB01,1
V0793,VPN01,1
V0794,APP01,2
V0795,DB01,0
V0796,WEB01,1
V0797,VPN01,2
V0798,APP01,2
V0799,EMP01,1
V0800,APP01,1
V0801,VPN01,0
V0802,AUTH01,1
V0803,BACKUP01,0
V0804,EMP01,1
V0805,DB01,1
V0806,EMP01,1
V0807,DB01,3
V0808,EMP01,2
V0809,AUTH01,0
V0810,AUTH01,2
V0811,DB01,1
V0812,EMP01,1
V0813,VPN01,0
V0814,VPN01,0
V0815,EMP01,2
V0816,WEB01,0
V0817,DB01,1
V0818,EMP01,2
V0819,BACKUP01,1
V0820,APP01,0
V0821,BACKUP01,1
V0822,AUTH01,0
V0823,AUTH01,0
V0824,APP01,2
V0825,WEB01,1
V0826,AUTH01,0
V0827,DB01,1
V0828,VPN01,1
V0829,WEB01,2
V0830,WEB01,1
V0831,AUTH01,1
V0832,AUTH01,3
V0833,APP01,2
V0834,APP01,1
V0835,DB01,3
V0836,BACKUP01,2
V0837,EMP01,1
V0838,AUTH01,0
V0839,EMP01,3
V0840,APP01,0
V0841,AUTH01,1
V0842,AUTH01,2
V0843,EMP01,0
V0844,AUTH01,0
V0845,APP01,3
V0846,WEB01,2
V0847,DB01,0
V0848,AUTH01,1
V0849,WEB01,1
V0850,BACKUP01,1
V0851,EMP01,0
V0852,DB01,1
V0853,DB01,3
V0854,EMP01,3
V0855,APP01,3
V0856,EMP01,3
V0857,WEB01,3
V0858,VPN01,0
V0859,AUTH01,2
V0860,DB01,1
V0861,VPN01,3
V0862,DB01,3
V0863,APP01,1
V0864,EMP01,1
V0865,VPN01,0
V0866,DB01,2
V0867,VPN01,1
V0868,BACKUP01,3
V0869,BACKUP01,0
V0870,WEB01,1
V0871,WEB01,3
V0872,APP01,0
V0873,AUTH01,0
V0874,AUTH01,3
V0875,VPN01,1
V0876,AUTH01,3
V0877,AUTH01,1
V0878,EMP01,2
V0879,WEB01,1
V0880,DB01,1
V0881,EMP01,1
V0882,BACKUP01,3
V0883,WEB01,1
V0884,BACKUP01,1
V0885,AUTH01,3
V0886,BACKUP01,1
V0887,WEB01,1
V0888,WEB01,0
V0889,APP01,3
V0890,AUTH01,0
V0891,VPN01,0
V0892,VPN01,3
V0893,DB01,3
V0894,VPN01,2
V0895,AUTH01,0
V0896,BACKUP01,1
V0897,WEB01,1
V0898,AUTH01,0
V0899,AUTH01,1
V0900,VPN01,1
V0901,VPN01,2
V0902,AUTH01,0
V0903,WEB01,1
V0904,APP01,0
V0905,VPN01,0
V0906,VPN01,0
V0907,DB01,0
V0908,BACKUP01,0
V0909,VPN01,3
V0910,APP01,1
V0911,AUTH01,0
V0912,DB01,2
V0913,AUTH01,3
V0914,BACKUP01,1
V0915,WEB01,3
V0916,AUTH01,2
V0917,BACKUP01,1
V0918,VPN01,2
V0919,WEB01,2
V0920,APP01,2
V0921,VPN01,1
V0922,EMP01,0
V0923,VPN01,0
V0924,AUTH01,1
V0925,WEB01,0
V0926,DB01,2
V0927,WEB01,2
V0928,DB01,1
V0929,VPN01,3
V0930,WEB01,0
V0931,BACKUP01,3
V0932,APP01,0
V0933,DB01,1
V0934,EMP01,2
V0935,AUTH01,1
V0936,APP01,1
V0937,WEB01,1
V0938,DB01,0
V0939,VPN01,2
V0940,AUTH01,1
V0941,WEB01,1
V0942,DB01,3
V0943,DB01,0
V0944,AUTH01,3
V0945,WEB01,0
V0946,BACKUP01,3
V0947,VPN01,2
V0948,WEB01,0
V0949,DB01,2
V0950,EMP01,1
V0951,EMP01,3
V0952,EMP01,1
V0953,AUTH01,1
V0954,WEB01,0
V0955,BACKUP01,0
V0956,DB01,2
V0957,EMP01,2
V0958,DB01,1
V0959,AUTH01,1
V0960,EMP01,2
V0961,AUTH01,3
V0962,AUTH01,0
V0963,EMP01,0
V0964,AUTH01,2
V0965,DB01,1
V0966,BACKUP01,0
V0967,BACKUP01,2
V0968,EMP01,2
V0969,VPN01,0
V0970,DB01,0
V0971,DB01,1
V0972,APP01,1
V0973,APP01,0
V0974,BACKUP01,3
V0975,APP01,1
V0976,AUTH01,3
V0977,WEB01,3
V0978,BACKUP01,2
V0979,AUTH01,2
V0980,WEB01,2
V0981,APP01,0
V0982,BACKUP01,0
V0983,EMP01,0
V0984,EMP01,2
V0985,APP01,2
V0986,AUTH01,3
V0987,AUTH01,0
V0988,BACKUP01,1
V0989,VPN01,1
V0990,DB01,2
V0991,EMP01,2
V0992,BACKUP01,2
V0993,WEB01,3
V0994,AUTH01,2
V0995,APP01,1
V0996,WEB01,1
V0997,APP01,0
V0998,VPN01,0
V0999,BACKUP01,3
V1000,EMP01,3
V1001,APP01,2
V1002,APP01,3
V1003,EMP01,3
V1004,AUTH01,2
V1005,EMP01,2
V1006,APP01,3
V1007,APP01,1
V1008,AUTH01,3
V1009,VPN01,1
V1010,DB01,0
V1011,BACKUP01,1
V1012,VPN01,2
V1013,EMP01,0
V1014,BACKUP01,1
V1015,APP01,0
V1016,WEB01,0
V1017,VPN01,1
V1018,VPN01,0
V1019,DB01,3
V1020,EMP01,1
V1021,DB01,0
V1022,AUTH01,1
V1023,BACKUP01,0
V1024,AUTH01,1
V1025,APP01,2
V1026,AUTH01,3
V1027,EMP01,2
V1028,AUTH01,3
V1029,BACKUP01,2
V1030,VPN01,2
V1031,VPN01,1
V1032,DB01,1
V1033,DB01,1
V1034,BACKUP01,0
V1035,APP01,3
V1036,AUTH01,0
V1037,DB01,2
V1038,BACKUP01,3
V1039,WEB01,2
V1040,APP01,1
V1041,VPN01,3
V1042,AUTH01,1
V1043,WEB01,2
V1044,AUTH01,3
V1045,AUTH01,0
V1046,AUTH01,3
V1047,AUTH01,2
V1048,EMP01,1
V1049,DB01,0
V1050,EMP01,1
V1051,APP01,1
V1052,EMP01,0
V1053,WEB01,3
V1054,WEB01,3
V1055,APP01,1
V1056,BACKUP01,2
V1057,EMP01,2
V1058,WEB01,2
V1059,WEB01,1
V1060,BACKUP01,3
V1061,VPN01,1
V1062,APP01,1
V1063,AUTH01,1
V1064,BACKUP01,0
V1065,EMP01,0
V1066,APP01,3
V1067,DB01,1
V1068,VPN01,1
V1069,EMP01,0
V1070,BACKUP01,3
V1071,AUTH01,3
V1072,WEB01,2
V1073,WEB01,3
V1074,VPN01,2
V1075,DB01,3
V1076,AUTH01,1
V1077,BACKUP01,1
V1078,VPN01,3
V1079,EMP01,1
V1080,DB01,3
V1081,DB01,3
V1082,WEB01,2
V1083,WEB01,2
V1084,WEB01,0
V1085,AUTH01,0
V1086,AUTH01,1
V1087,VPN01,0
V1088,BACKUP01,2
V1089,AUTH01,1
V1090,WEB01,1
V1091,WEB01,1
V1092,EMP01,1
V1093,EMP01,2
V1094,AUTH01,3
V1095,BACKUP01,2
V1096,AUTH01,2
V1097,WEB01,2
V1098,DB01,2
V1099,VPN01,2
V1100,APP01,2
V1101,AUTH01,3
V1102,VPN01,3
V1103,EMP01,3
V1104,WEB01,3
V1105,EMP01,3
V1106,WEB01,3
V1107,BACKUP01,3
V1108,AUTH01,3
V1109,WEB01,3
V1110,AUTH01,3
V1111,APP01,3
V1112,APP01,3
V1113,EMP01,2
V1114,WEB01,3
V1115,WEB01,2
V1116,DB01,2
V1117,APP01,2
V1118,AUTH01,2
V1119,BACKUP01,2
V1120,APP01,3
V1121,APP01,2
V1122,BACKUP01,2
V1123,WEB01,3
V1124,BACKUP01,3
V1125,WEB01,3
V1126,BACKUP01,3
V1127,EMP01,3
V1128,DB01,3
V1129,APP01,2
V1130,AUTH01,2
V1131,WEB01,3
V1132,VPN01,3
V1133,APP01,3
V1134,AUTH01,2
V1135,BACKUP01,2
V1136,DB01,2
V1137,APP01,2
V1138,DB01,3
V1139,BACKUP01,2
V1140,EMP01,2
V1141,AUTH01,2
V1142,AUTH01,3
V1143,DB01,2
V1144,EMP01,2
V1145,DB01,2
V1146,APP01,3
V1147,BACKUP01,2
V1148,BACKUP01,2
V1149,BACKUP01,2
V1150,AUTH01,2
V1151,EMP01,2
V1152,WEB01,3
V1153,BACKUP01,3
V1154,VPN01,2
V1155,WEB01,2
V1156,WEB01,2
V1157,WEB01,3
V1158,DB01,3
V1159,WEB01,2
V1160,VPN01,3
V1161,BACKUP01,3
V1162,AUTH01,3
V1163,EMP01,2
V1164,WEB01,2
V1165,APP01,3
V1166,AUTH01,2
V1167,AUTH01,3
V1168,BACKUP01,2
V1169,BACKUP01,3
V1170,BACKUP01,3
V1171,APP01,2
V1172,DB01,2
V1173,AUTH01,2
V1174,BACKUP01,3
V1175,APP01,2
V1176,BACKUP01,3
V1177,BACKUP01,3
V1178,AUTH01,3
V1179,APP01,3
V1180,AUTH01,2
V1181,EMP01,3
V1182,EMP01,2
V1183,EMP01,3
V1184,BACKUP01,3
V1185,DB01,3
V1186,BACKUP01,2
V1187,WEB01,2
V1188,EMP01,2
V1189,AUTH01,2
V1190,AUTH01,2
V1191,AUTH01,3
V1192,WEB01,2
V1193,WEB01,2
V1194,APP01,2
V1195,BACKUP01,3
V1196,AUTH01,2
V1197,APP01,2
V1198,VPN01,3
V1199,WEB01,3
V1200,AUTH01,2
